dataset,crop,short_crop,variant_key,variant_label,success,detected_pixels,containment,qualitative_recall,q95_enclosure_ratio,group_label,absolute_q95_error
GanodermaSubsetEven,Image99_obj1_d000439_300_029_2026-06-15_21-23-40,Image99_obj1,current_subtraction,Current subtraction,True,47128,1.0,0.553489846971,0.763706265613,"Ganoderma | 1% glucose + 1.2% yeast extract, pH 4",0.236293734387
GanodermaSubsetEven,Image99_obj1_d000439_300_029_2026-06-15_21-23-40,Image99_obj1,raw,Raw,True,22897,1.0,0.268911412029,0.569825949216,"Ganoderma | 1% glucose + 1.2% yeast extract, pH 4",0.430174050784
GanodermaSubsetEven,Image99_obj1_d000439_300_029_2026-06-15_21-23-40,Image99_obj1,local_contrast,Local contrast,True,62347,0.996118498083,0.729385650698,0.946625438829,"Ganoderma | 1% glucose + 1.2% yeast extract, pH 4",0.0533745611708
GanodermaSubsetEven,Image99_obj1_d000439_300_029_2026-06-15_21-23-40,Image99_obj1,stretch_unsharp,Stretch + unsharp,True,56348,1.0,0.661773168755,0.840159864745,"Ganoderma | 1% glucose + 1.2% yeast extract, pH 4",0.159840135255
GanodermaSubsetEven,Image99_obj2_d000439_300_029_2026-06-15_21-23-40,Image99_obj2,current_subtraction,Current subtraction,True,221599,1.0,0.535650143461,0.7299731436,"Ganoderma | 1% glucose + 1.2% yeast extract, pH 4",0.2700268564
GanodermaSubsetEven,Image99_obj2_d000439_300_029_2026-06-15_21-23-40,Image99_obj2,raw,Raw,True,514708,0.744612479309,0.926413037435,1.28881075652,"Ganoderma | 1% glucose + 1.2% yeast extract, pH 4",0.288810756522
GanodermaSubsetEven,Image99_obj2_d000439_300_029_2026-06-15_21-23-40,Image99_obj2,local_contrast,Local contrast,True,354814,0.99859081096,0.85644946471,0.917193712857,"Ganoderma | 1% glucose + 1.2% yeast extract, pH 4",0.0828062871434
GanodermaSubsetEven,Image99_obj2_d000439_300_029_2026-06-15_21-23-40,Image99_obj2,stretch_unsharp,Stretch + unsharp,True,274037,1.0,0.662403523318,0.815685365001,"Ganoderma | 1% glucose + 1.2% yeast extract, pH 4",0.184314634999
GanodermaSubsetEven,image167_obj1_d000441_300_050_2026-06-15_21-41-45,image167_obj1,current_subtraction,Current subtraction,True,104342,1.0,0.653542616626,0.807722504415,"Ganoderma | 1% glucose + 1.2% yeast extract, pH 4",0.192277495585
GanodermaSubsetEven,image167_obj1_d000441_300_050_2026-06-15_21-41-45,image167_obj1,raw,Raw,True,2246,1.0,0.0140677456532,0.168478139827,"Ganoderma | 1% glucose + 1.2% yeast extract, pH 4",0.831521860173
GanodermaSubsetEven,image167_obj1_d000441_300_050_2026-06-15_21-41-45,image167_obj1,local_contrast,Local contrast,True,145888,0.983055494626,0.898281304805,0.958146301916,"Ganoderma | 1% glucose + 1.2% yeast extract, pH 4",0.0418536980836
GanodermaSubsetEven,image167_obj1_d000441_300_050_2026-06-15_21-41-45,image167_obj1,stretch_unsharp,Stretch + unsharp,True,103027,0.999922350452,0.645256050509,0.850408690944,"Ganoderma | 1% glucose + 1.2% yeast extract, pH 4",0.149591309056
GanodermaSubsetEven,image167_obj2_d000441_300_050_2026-06-15_21-41-45,image167_obj2,current_subtraction,Current subtraction,True,101627,1.0,0.601816814416,0.783396663009,"Ganoderma | 1% glucose + 1.2% yeast extract, pH 4",0.216603336991
GanodermaSubsetEven,image167_obj2_d000441_300_050_2026-06-15_21-41-45,image167_obj2,raw,Raw,True,141694,0.999498920208,0.838665932361,0.935278107296,"Ganoderma | 1% glucose + 1.2% yeast extract, pH 4",0.0647218927037
GanodermaSubsetEven,image167_obj2_d000441_300_050_2026-06-15_21-41-45,image167_obj2,local_contrast,Local contrast,True,9681,1.0,0.0573291406847,0.257791048776,"Ganoderma | 1% glucose + 1.2% yeast extract, pH 4",0.742208951224
GanodermaSubsetEven,image167_obj2_d000441_300_050_2026-06-15_21-41-45,image167_obj2,stretch_unsharp,Stretch + unsharp,True,108267,1.0,0.641137700083,0.830029409396,"Ganoderma | 1% glucose + 1.2% yeast extract, pH 4",0.169970590604
GanodermaSubsetEven,image167_obj3_d000441_300_050_2026-06-15_21-41-45,image167_obj3,current_subtraction,Current subtraction,True,115563,1.0,0.643077744946,0.81653638181,"Ganoderma | 1% glucose + 1.2% yeast extract, pH 4",0.18346361819
GanodermaSubsetEven,image167_obj3_d000441_300_050_2026-06-15_21-41-45,image167_obj3,raw,Raw,True,3468,1.0,0.0192985092069,0.15510929813,"Ganoderma | 1% glucose + 1.2% yeast extract, pH 4",0.84489070187
GanodermaSubsetEven,image167_obj3_d000441_300_050_2026-06-15_21-41-45,image167_obj3,local_contrast,Local contrast,True,6129,1.0,0.0341062753543,0.21390056571,"Ganoderma | 1% glucose + 1.2% yeast extract, pH 4",0.78609943429
GanodermaSubsetEven,image167_obj3_d000441_300_050_2026-06-15_21-41-45,image167_obj3,stretch_unsharp,Stretch + unsharp,True,129936,0.997221709149,0.721050845005,0.885682879072,"Ganoderma | 1% glucose + 1.2% yeast extract, pH 4",0.114317120928
GanodermaSubsetEven,image211_obj1_d000442_300_063_2026-06-16_01-53-04,image211_obj1,current_subtraction,Current subtraction,True,353124,1.0,0.545828889404,0.739769791862,"Ganoderma | 1% glucose + 1.2% yeast extract, pH 4",0.260230208138
GanodermaSubsetEven,image211_obj1_d000442_300_063_2026-06-16_01-53-04,image211_obj1,raw,Raw,True,519606,1.0,0.80316253188,0.894334363433,"Ganoderma | 1% glucose + 1.2% yeast extract, pH 4",0.105665636567
GanodermaSubsetEven,image211_obj1_d000442_300_063_2026-06-16_01-53-04,image211_obj1,local_contrast,Local contrast,True,562769,0.996415936201,0.866762500966,0.936394593153,"Ganoderma | 1% glucose + 1.2% yeast extract, pH 4",0.0636054068473
GanodermaSubsetEven,image211_obj1_d000442_300_063_2026-06-16_01-53-04,image211_obj1,stretch_unsharp,Stretch + unsharp,True,391948,1.0,0.605839709406,0.788309352417,"Ganoderma | 1% glucose + 1.2% yeast extract, pH 4",0.211690647583
GanodermaSubsetEven,image211_obj2_d000442_300_063_2026-06-16_01-53-04,image211_obj2,current_subtraction,Current subtraction,True,42275,1.0,0.531854666231,0.731398196009,"Ganoderma | 1% glucose + 1.2% yeast extract, pH 4",0.268601803991
GanodermaSubsetEven,image211_obj2_d000442_300_063_2026-06-16_01-53-04,image211_obj2,raw,Raw,True,66339,0.999969851822,0.834574642075,0.90869888959,"Ganoderma | 1% glucose + 1.2% yeast extract, pH 4",0.0913011104097
GanodermaSubsetEven,image211_obj2_d000442_300_063_2026-06-16_01-53-04,image211_obj2,local_contrast,Local contrast,True,77363,0.987797784471,0.961414588733,0.988206583767,"Ganoderma | 1% glucose + 1.2% yeast extract, pH 4",0.0117934162329
GanodermaSubsetEven,image211_obj2_d000442_300_063_2026-06-16_01-53-04,image211_obj2,stretch_unsharp,Stretch + unsharp,True,59407,1.0,0.747389477392,0.863226971698,"Ganoderma | 1% glucose + 1.2% yeast extract, pH 4",0.136773028302
GanodermaSubsetEven,image211_obj3_d000442_300_063_2026-06-16_01-53-04,image211_obj3,current_subtraction,Current subtraction,True,40322,1.0,0.53186129028,0.731168272422,"Ganoderma | 1% glucose + 1.2% yeast extract, pH 4",0.268831727578
GanodermaSubsetEven,image211_obj3_d000442_300_063_2026-06-16_01-53-04,image211_obj3,raw,Raw,True,65884,0.999590188817,0.868676875998,0.927605373958,"Ganoderma | 1% glucose + 1.2% yeast extract, pH 4",0.0723946260419
GanodermaSubsetEven,image211_obj3_d000442_300_063_2026-06-16_01-53-04,image211_obj3,local_contrast,Local contrast,True,229,0.890829694323,0.00269083138776,1.08293763408,"Ganoderma | 1% glucose + 1.2% yeast extract, pH 4",0.0829376340826
GanodermaSubsetEven,image211_obj3_d000442_300_063_2026-06-16_01-53-04,image211_obj3,stretch_unsharp,Stretch + unsharp,True,61033,1.0,0.805046627887,0.894483794261,"Ganoderma | 1% glucose + 1.2% yeast extract, pH 4",0.105516205739
NeurosporaMenadione,Image29_obj1_d000273_300_006_2025-12-12_03-05-12_rgb,Image29_obj1,current,Current,True,39231,0.91593382784,0.965966827065,1.04644214732,Neurospora crassa | menadione,0.0464421473205
NeurosporaMenadione,Image29_obj1_d000273_300_006_2025-12-12_03-05-12_rgb,Image29_obj1,unsharp,+ Unsharp,True,36077,0.953322061147,0.924567864728,1.01278302529,Neurospora crassa | menadione,0.0127830252866
NeurosporaMenadione,Image29_obj1_d000273_300_006_2025-12-12_03-05-12_rgb,Image29_obj1,local_contrast,+ Local contrast,False,0,,0.0,,Neurospora crassa | menadione,
NeurosporaMenadione,Image29_obj1_d000273_300_006_2025-12-12_03-05-12_rgb,Image29_obj1,monogenic_pc,+ Monogenic PC,True,36784,0.91874184428,0.908492163768,1.04589377777,Neurospora crassa | menadione,0.0458937777651
NeurosporaMenadione,Image29_obj2_d000273_300_006_2025-12-12_03-05-12_rgb,Image29_obj2,current,Current,True,23201,0.841170639197,0.977070191249,1.0811436874,Neurospora crassa | menadione,0.081143687397
NeurosporaMenadione,Image29_obj2_d000273_300_006_2025-12-12_03-05-12_rgb,Image29_obj2,unsharp,+ Unsharp,True,20438,0.921078383403,0.942475217783,1.02552134754,Neurospora crassa | menadione,0.0255213475432
NeurosporaMenadione,Image29_obj2_d000273_300_006_2025-12-12_03-05-12_rgb,Image29_obj2,local_contrast,+ Local contrast,True,20936,0.886081390906,0.9287573846,1.05514087759,Neurospora crassa | menadione,0.055140877586
NeurosporaMenadione,Image29_obj2_d000273_300_006_2025-12-12_03-05-12_rgb,Image29_obj2,monogenic_pc,+ Monogenic PC,True,19541,0.883782815618,0.864624011215,1.07491111025,Neurospora crassa | menadione,0.0749111102459
NeurosporaMenadione,Image29_obj3_d000273_300_006_2025-12-12_03-05-12_rgb,Image29_obj3,current,Current,True,34045,0.824614480834,0.989182904056,1.1175335002,Neurospora crassa | menadione,0.1175335002
NeurosporaMenadione,Image29_obj3_d000273_300_006_2025-12-12_03-05-12_rgb,Image29_obj3,unsharp,+ Unsharp,True,30563,0.901842096653,0.971177900708,1.06557286855,Neurospora crassa | menadione,0.0655728685535
NeurosporaMenadione,Image29_obj3_d000273_300_006_2025-12-12_03-05-12_rgb,Image29_obj3,local_contrast,+ Local contrast,True,38930,0.709709735423,0.973503400162,1.93055232127,Neurospora crassa | menadione,0.930552321274
NeurosporaMenadione,Image29_obj3_d000273_300_006_2025-12-12_03-05-12_rgb,Image29_obj3,monogenic_pc,+ Monogenic PC,True,32640,0.771354166667,0.887107571967,1.85340613049,Neurospora crassa | menadione,0.853406130493
NeurosporaMenadione,Image29_obj4_d000273_300_006_2025-12-12_03-05-12_rgb,Image29_obj4,current,Current,True,47492,0.875726438137,0.985685168507,1.06858916266,Neurospora crassa | menadione,0.0685891626643
NeurosporaMenadione,Image29_obj4_d000273_300_006_2025-12-12_03-05-12_rgb,Image29_obj4,unsharp,+ Unsharp,True,45497,0.910279798668,0.981537659383,1.04475653293,Neurospora crassa | menadione,0.0447565329304
NeurosporaMenadione,Image29_obj4_d000273_300_006_2025-12-12_03-05-12_rgb,Image29_obj4,local_contrast,+ Local contrast,True,48410,0.864015699236,0.991302080865,1.07266675682,Neurospora crassa | menadione,0.0726667568208
NeurosporaMenadione,Image29_obj4_d000273_300_006_2025-12-12_03-05-12_rgb,Image29_obj4,monogenic_pc,+ Monogenic PC,True,40896,0.917033450704,0.888823055411,1.0495165803,Neurospora crassa | menadione,0.0495165802992
NeurosporaXylan,Image29_obj1_d000273_300_001_2025-12-12_03-00-49_rgb,Image29_obj1,current,Current,True,18271,0.986864429971,0.193575745864,0.826818558818,Neurospora crassa | xylan,0.173181441182
NeurosporaXylan,Image29_obj1_d000273_300_001_2025-12-12_03-00-49_rgb,Image29_obj1,unsharp,+ Unsharp,True,6040,1.0,0.0648437416127,0.357574488282,Neurospora crassa | xylan,0.642425511718
NeurosporaXylan,Image29_obj1_d000273_300_001_2025-12-12_03-00-49_rgb,Image29_obj1,local_contrast,+ Local contrast,True,27971,0.994851810804,0.298742847327,0.783275619151,Neurospora crassa | xylan,0.216724380849
NeurosporaXylan,Image29_obj1_d000273_300_001_2025-12-12_03-00-49_rgb,Image29_obj1,monogenic_pc,+ Monogenic PC,True,44964,0.951227648786,0.459177429225,1.07956154149,Neurospora crassa | xylan,0.0795615414884
NeurosporaXylan,Image29_obj2_d000273_300_001_2025-12-12_03-00-49_rgb,Image29_obj2,current,Current,True,19857,0.978899128771,0.334653260795,0.952129712911,Neurospora crassa | xylan,0.0478702870888
NeurosporaXylan,Image29_obj2_d000273_300_001_2025-12-12_03-00-49_rgb,Image29_obj2,unsharp,+ Unsharp,True,13723,0.990818334183,0.234092004683,0.909063969252,Neurospora crassa | xylan,0.0909360307476
NeurosporaXylan,Image29_obj2_d000273_300_001_2025-12-12_03-00-49_rgb,Image29_obj2,local_contrast,+ Local contrast,True,25467,0.983979267287,0.431426898974,0.936361660057,Neurospora crassa | xylan,0.0636383399433
NeurosporaXylan,Image29_obj2_d000273_300_001_2025-12-12_03-00-49_rgb,Image29_obj2,monogenic_pc,+ Monogenic PC,True,27212,0.934477436425,0.437796983679,1.0627032529,Neurospora crassa | xylan,0.0627032528964
NeurosporaXylan,Image29_obj3_d000273_300_001_2025-12-12_03-00-49_rgb,Image29_obj3,current,Current,True,42259,0.987576610899,0.429362139918,0.980570233103,Neurospora crassa | xylan,0.0194297668966
NeurosporaXylan,Image29_obj3_d000273_300_001_2025-12-12_03-00-49_rgb,Image29_obj3,unsharp,+ Unsharp,True,25367,0.994481018646,0.259537037037,0.873755855302,Neurospora crassa | xylan,0.126244144698
NeurosporaXylan,Image29_obj3_d000273_300_001_2025-12-12_03-00-49_rgb,Image29_obj3,local_contrast,+ Local contrast,True,50685,0.991713524711,0.51712962963,0.944650476245,Neurospora crassa | xylan,0.0553495237551
NeurosporaXylan,Image29_obj3_d000273_300_001_2025-12-12_03-00-49_rgb,Image29_obj3,monogenic_pc,+ Monogenic PC,True,50795,0.95727925977,0.500257201646,1.03122921659,Neurospora crassa | xylan,0.0312292165897
NeurosporaXylan,Image29_obj4_d000273_300_001_2025-12-12_03-00-49_rgb,Image29_obj4,current,Current,True,11882,0.997895977108,0.16804852814,0.869401270641,Neurospora crassa | xylan,0.130598729359
NeurosporaXylan,Image29_obj4_d000273_300_001_2025-12-12_03-00-49_rgb,Image29_obj4,unsharp,+ Unsharp,True,14261,0.980015426688,0.198080984169,0.932630974438,Neurospora crassa | xylan,0.0673690255618
NeurosporaXylan,Image29_obj4_d000273_300_001_2025-12-12_03-00-49_rgb,Image29_obj4,local_contrast,+ Local contrast,True,15092,0.99801219189,0.213472795045,0.895198501045,Neurospora crassa | xylan,0.104801498955
NeurosporaXylan,Image29_obj4_d000273_300_001_2025-12-12_03-00-49_rgb,Image29_obj4,monogenic_pc,+ Monogenic PC,True,16995,0.964695498676,0.232365321655,0.930330554549,Neurospora crassa | xylan,0.0696694454507
