degree,scope,n_patches,median_dE00,q25,q75,iqr_dE00,mean_dE00,sd_dE00,n_permutations,frac_underdetermined,median_rank,median_cond,n_terms
2,cross-frame,24,3.55904191207,3.55904191207,3.55904191207,0.0,3.55904191207,0.0,30,0.0,6.0,54.1191223366,6
2,cross-frame,23,3.57359371774,3.56609809684,3.58845289187,0.0223547950363,3.58353792642,0.0285462462133,30,0.0,6.0,54.1852340677,6
2,cross-frame,22,3.58673485679,3.57502216092,3.61622030315,0.0411981422321,3.60278028618,0.0636366176239,30,0.0,6.0,54.6174832199,6
2,cross-frame,21,3.611101766,3.57960787744,3.63299086129,0.0533829838583,3.6158126162,0.0882693542695,30,0.0,6.0,54.2613284346,6
2,cross-frame,20,3.62549940203,3.56137817411,3.70652122291,0.145143048799,3.65101597653,0.15477017285,30,0.0,6.0,58.9949376301,6
2,cross-frame,19,3.63536783061,3.58069210251,3.74449993558,0.163807833073,3.68416256189,0.190034996334,30,0.0,6.0,61.0472745594,6
2,cross-frame,18,3.67323358844,3.55730438706,3.87771549482,0.32041110776,3.74896000882,0.2613340017,30,0.0,6.0,61.8903596764,6
2,cross-frame,17,3.68253595761,3.59295449502,3.87269669694,0.279742201921,3.78375001521,0.285819268436,30,0.0,6.0,63.9904692009,6
2,cross-frame,16,3.77773573228,3.63248427012,3.98046965569,0.347985385575,3.88237746323,0.36443168556,30,0.0,6.0,65.1054407537,6
2,cross-frame,15,3.85953562821,3.70061900277,3.98078478021,0.280165777441,3.96772041264,0.429324471941,30,0.0,6.0,68.2913615071,6
2,cross-frame,14,3.85101425013,3.70823779649,4.31048317425,0.602245377757,4.10879762945,0.606421114884,30,0.0,6.0,71.6582710434,6
2,cross-frame,13,3.96229876253,3.82879118769,4.56169237248,0.73290118479,4.30291114964,0.75112636045,30,0.0,6.0,77.0672831586,6
2,cross-frame,12,4.15667431322,3.88538098824,4.59970242765,0.714321439406,4.39430866745,0.741783430803,30,0.0,6.0,80.1804108772,6
2,cross-frame,11,4.48400280023,4.0642434243,5.12225568926,1.05801226496,4.65568828137,0.862508504368,30,0.0,6.0,108.492120761,6
2,cross-frame,10,4.94819698069,4.32861537161,5.58274784454,1.25413247292,5.07646533833,0.95325071715,30,0.0,6.0,124.778526996,6
2,cross-frame,9,4.92531689734,4.5123291313,5.99803415824,1.48570502694,5.41156417009,1.38254069275,30,0.0,6.0,133.570418029,6
2,cross-frame,8,5.24834906364,4.67712303162,7.29604023753,2.61891720591,6.53893009818,3.32567159168,30,0.0,6.0,177.636685352,6
2,cross-frame,7,8.24659052473,4.93121490569,14.9212770037,9.990062098,10.1890950553,5.99976293877,30,0.0,6.0,407.103090362,6
2,cross-frame,6,13.6901060484,6.47832678379,21.6568661266,15.1785393429,15.1403373364,9.08614641675,30,0.0,6.0,1235.18219895,6
2,same-image,24,2.7941334206,2.7941334206,2.7941334206,0.0,2.7941334206,0.0,30,0.0,6.0,54.1191223366,6
2,same-image,23,2.8069351553,2.80444642386,2.82915310645,0.0247066825912,2.82096382139,0.0330578231029,30,0.0,6.0,54.1852340677,6
2,same-image,22,2.82145850134,2.80537719715,2.86286059142,0.0574833942725,2.83990081437,0.0763077944773,30,0.0,6.0,54.6174832199,6
2,same-image,21,2.86195127947,2.80582528902,2.88460937995,0.0787840909294,2.85178783099,0.100866457378,30,0.0,6.0,54.2613284346,6
2,same-image,20,2.86165794555,2.81316271705,2.95329503916,0.140132322104,2.8867458152,0.172121877182,30,0.0,6.0,58.9949376301,6
2,same-image,19,2.87525130201,2.79063309365,2.98917390882,0.198540815164,2.92167172301,0.211254284591,30,0.0,6.0,61.0472745594,6
2,same-image,18,2.88307429674,2.771726357,3.12748502047,0.355758663473,2.98781749486,0.280623562118,30,0.0,6.0,61.8903596764,6
2,same-image,17,2.91881371107,2.80808116191,3.12534216123,0.31726099932,3.02233226497,0.310713843006,30,0.0,6.0,63.9904692009,6
2,same-image,16,3.0113266645,2.84864341456,3.26867542933,0.420032014766,3.12993836602,0.389078320162,30,0.0,6.0,65.1054407537,6
2,same-image,15,3.09653081196,2.90220405999,3.29320706364,0.391003003646,3.22160248805,0.455934776452,30,0.0,6.0,68.2913615071,6
2,same-image,14,3.11098705193,2.9309638497,3.66723457389,0.736270724187,3.37738914723,0.627943597916,30,0.0,6.0,71.6582710434,6
2,same-image,13,3.27063495461,3.09450014764,3.89463626467,0.800136117035,3.58984697903,0.777355541011,30,0.0,6.0,77.0672831586,6
2,same-image,12,3.46596938438,3.12453966184,3.95444783087,0.829908169038,3.68643298437,0.751748061463,30,0.0,6.0,80.1804108772,6
2,same-image,11,3.72677008179,3.36778351042,4.43815795144,1.07037444102,3.96336431179,0.871538466497,30,0.0,6.0,108.492120761,6
2,same-image,10,4.3701760413,3.63935884266,4.91480141357,1.27544257091,4.40518734237,0.968442179296,30,0.0,6.0,124.778526996,6
2,same-image,9,4.29603097244,3.90543125167,5.25943580074,1.35400454908,4.74255873546,1.38586846784,30,0.0,6.0,133.570418029,6
2,same-image,8,4.58093291392,3.98078861176,6.53008428401,2.54929567225,5.86139443407,3.31480063087,30,0.0,6.0,177.636685352,6
2,same-image,7,7.52558640596,4.3047602165,14.168744458,9.86398424151,9.54388605959,6.00816303053,30,0.0,6.0,407.103090362,6
2,same-image,6,13.2438171948,5.75325930118,20.973802378,15.2205430768,14.4092404916,8.94340510261,30,0.0,6.0,1235.18219895,6
3,cross-frame,24,3.03915363344,3.03915363344,3.03915363344,0.0,3.03915363344,0.0,30,0.0,13.0,95474.499094,13
3,cross-frame,23,3.12428412032,3.04451923501,3.2248367531,0.180317518096,3.19165462942,0.16684026934,30,0.0,13.0,98135.6622225,13
3,cross-frame,22,3.24277340669,3.12215332907,3.47720333261,0.355050003539,3.36860817577,0.360887085207,30,0.0,13.0,100283.459176,13
3,cross-frame,21,3.3383839812,3.180560891,3.6109932081,0.430432317094,3.45703383455,0.378607189977,30,0.0,13.0,108649.70036,13
3,cross-frame,20,3.45874642228,3.2356654833,4.02174153537,0.786076052066,3.68154924102,0.607024488436,30,0.0,13.0,123844.970414,13
3,cross-frame,19,3.7317745093,3.34410784794,4.37665639072,1.03254854279,3.89293148418,0.711693168768,30,0.0,13.0,176512.789413,13
3,cross-frame,18,4.32754289367,3.55476285956,5.23823140521,1.68346854565,4.72000488094,1.69417079779,30,0.0,13.0,215131.195514,13
3,cross-frame,17,4.57747277037,3.83053742359,6.32610911803,2.49557169444,5.24567653968,2.03346454717,30,0.0,13.0,244317.759068,13
3,cross-frame,16,5.732592847,4.66683187778,7.65512351626,2.98829163848,6.45047056129,2.5206700291,30,0.0,13.0,758831.745238,13
3,cross-frame,15,7.60929963152,5.39805607275,12.5146734517,7.11661737891,8.99630941079,4.50780446135,30,0.0,13.0,1607658.98375,13
3,cross-frame,14,10.9258491624,7.57630417602,17.4255387471,9.84923457111,13.743803512,8.74579732744,30,0.0,13.0,3966657.92756,13
3,cross-frame,13,20.2797444352,14.6462913172,32.1941931082,17.547901791,21.862219311,10.2153612782,30,0.0,13.0,22098808.8973,13
3,cross-frame,12,18.8435280457,11.8350223545,22.4279188042,10.5928964497,19.131694646,9.62173737622,30,1.0,12.0,5711168.63051,13
3,cross-frame,11,17.4507084738,8.64520601733,20.4727680835,11.8275620661,16.4588358192,8.68311096718,30,1.0,11.0,1686318.21564,13
3,cross-frame,10,17.9749979847,9.07520525124,21.9471848316,12.8719795804,17.1151800631,8.70146578368,30,1.0,10.0,309150.919047,13
3,cross-frame,9,12.4068811158,7.04124200704,21.7312223583,14.6899803512,14.980804838,8.94384403513,30,1.0,9.0,46620.5817199,13
3,cross-frame,8,10.1416205447,6.52660100456,19.8955727836,13.368971779,13.5129386388,8.2625166357,30,1.0,8.0,28295.4594791,13
3,cross-frame,7,9.62911577383,5.35833167907,21.2355370505,15.8772053715,13.6379702477,8.87513101517,30,1.0,7.0,2561.18631136,13
3,cross-frame,6,7.99634283551,5.25195300958,18.5561594336,13.304206424,12.2879321534,8.20998195663,30,1.0,6.0,728.734870793,13
3,same-image,24,1.96233963951,1.96233963951,1.96233963951,0.0,1.96233963951,0.0,30,0.0,13.0,95474.499094,13
3,same-image,23,2.08810464074,1.97123670704,2.22473665314,0.253499946102,2.12305610721,0.161494506517,30,0.0,13.0,98135.6622225,13
3,same-image,22,2.23535409672,2.07651013181,2.39548275246,0.318972620647,2.30619928706,0.348191212682,30,0.0,13.0,100283.459176,13
3,same-image,21,2.31118919994,2.12429784552,2.50994382824,0.385645982717,2.39525422661,0.371178218443,30,0.0,13.0,108649.70036,13
3,same-image,20,2.43269345023,2.20460124888,2.89108167778,0.686480428904,2.63033691998,0.582061526598,30,0.0,13.0,123844.970414,13
3,same-image,19,2.64903507497,2.32230943661,3.29040972582,0.968100289201,2.84209177453,0.681638738975,30,0.0,13.0,176512.789413,13
3,same-image,18,3.34128675082,2.49077108936,4.13835120392,1.64758011457,3.6404571251,1.62527582572,30,0.0,13.0,215131.195514,13
3,same-image,17,3.50173105318,2.77117426451,5.30048402657,2.52930976207,4.16756197239,1.97385759232,30,0.0,13.0,244317.759068,13
3,same-image,16,4.66249260387,3.54337676983,6.63290229763,3.0895255278,5.349725667,2.44408519824,30,0.0,13.0,758831.745238,13
3,same-image,15,6.45317919579,4.37278865034,11.4421936502,7.0694049999,7.69781797383,4.22427744518,30,0.0,13.0,1607658.98375,13
3,same-image,14,9.77830259819,6.44054916688,15.3776098301,8.93706066324,12.0546041722,7.95369697214,30,0.0,13.0,3966657.92756,13
3,same-image,13,17.3136912762,13.4609719571,30.4470657249,16.9860937677,19.6062953911,9.56346445829,30,0.0,13.0,22098808.8973,13
3,same-image,12,17.4579503553,10.6144863723,19.8438398877,9.22935351543,17.2504381917,8.75839749648,30,1.0,12.0,5711168.63051,13
3,same-image,11,16.2664686965,7.64134349386,18.7036634204,11.0623199265,14.9113527364,8.00450243177,30,1.0,11.0,1686318.21564,13
3,same-image,10,16.4274139587,8.27335517051,20.3903272727,12.1169721022,15.7328709901,8.17449511697,30,1.0,10.0,309150.919047,13
3,same-image,9,11.5064445628,6.3481856284,20.2136107093,13.8654250809,13.8015849647,8.29665824353,30,1.0,9.0,46620.5817199,13
3,same-image,8,9.48441403293,5.86667607198,18.7847762335,12.9181001616,12.4437769405,7.6495876939,30,1.0,8.0,28295.4594791,13
3,same-image,7,8.88974423479,4.66768672476,20.2060002444,15.5383135196,12.7360297925,8.5433950933,30,1.0,7.0,2561.18631136,13
3,same-image,6,7.38092683203,4.69816387817,17.7791227423,13.0809588641,11.6091191905,8.12335261061,30,1.0,6.0,728.734870793,13
