,d000220_300_021->d000220_300_021,d000220_300_021->d000220_300_022,d000220_300_021->d000220_300_038,d000220_300_021->d000320_300_003,d000220_300_022->d000220_300_021,d000220_300_022->d000220_300_022,d000220_300_022->d000220_300_038,d000220_300_022->d000320_300_003,d000220_300_038->d000220_300_021,d000220_300_038->d000220_300_022,d000220_300_038->d000220_300_038,d000220_300_038->d000320_300_003,d000320_300_003->d000220_300_021,d000320_300_003->d000220_300_022,d000320_300_003->d000220_300_038,d000320_300_003->d000320_300_003
dark skin,2.14461396136,3.1897647723,2.73693353172,2.97361296085,1.7597238878,2.44978783863,2.0904978287,2.70419949074,1.32297433803,2.1211153966,1.73029348509,2.497345366,3.22681749309,3.99091498215,3.39480772951,1.8207152372
light skin,0.886559632939,0.114636900478,0.316637826231,3.25356741819,1.42989953325,0.715160865806,0.649895317028,3.2534894943,1.80387215805,0.987811603837,0.833382857665,3.22286819656,3.91866425934,3.61042090261,3.3284179478,0.81605744779
blue sky,1.09048895042,1.10518722249,1.85262331693,4.35083091698,1.30464978492,1.02772608244,1.54575483733,4.02399463034,1.45422487121,1.00824400033,1.31109150124,3.79357837059,3.07761421014,2.89233444417,2.17396281778,0.831300675709
foliage,3.81361950139,4.23113318801,4.36042214765,5.17889070661,3.20942667937,3.6003284243,3.66326598841,4.22579712829,3.75304194029,4.07773891284,4.04291171934,4.89406022016,3.77672602601,3.9136201998,3.66634026285,3.43404764549
blue flower,2.75415461364,2.57965677013,2.39939541264,1.6758277331,3.13666686155,3.05511397816,2.74568872991,1.7917375489,3.65700471409,3.52574005069,3.01134561084,1.79413555692,7.19334169872,7.1439309279,6.53783890973,4.6023486184
bluish green,1.08064739382,0.818946118709,1.22112200733,1.2300148129,1.75107671897,1.10820444432,1.5721389982,1.87825744888,2.28676876494,1.65062480988,1.51689630845,1.72811652201,4.68202313087,4.27895441871,4.01661141157,3.3696288283
orange,0.984721348046,0.549017379592,0.65425080518,3.11163109072,2.29483850904,1.57635104505,1.82199793989,3.55664452385,1.95424422929,1.25624182977,1.51866071953,3.23705395265,3.86602352075,4.06642665074,4.22907074082,1.24907935206
purplish blue,2.34358975774,2.61589134044,2.47934614675,4.90655090371,1.77604459983,2.05478857219,1.96702410536,4.37923832384,2.78466079829,3.00410674203,2.84461769814,5.02551322399,3.80360355305,3.71604668733,3.67764342786,3.64572569184
moderate red,2.07543161949,1.42718931181,1.78271403795,1.48054851357,2.3128874141,1.77565549539,2.06870798046,1.2878386976,2.72773889729,1.96351277456,2.31108884357,0.94198850296,5.12362743345,4.53135842838,4.79281075051,1.91627078837
purple,2.01903360023,2.07039104809,2.39976041563,2.03066765786,2.25248090644,2.30381080948,2.61690818791,2.25213918418,2.32922409095,2.38877712851,2.68808430193,1.8292533158,4.22339678509,4.27380982438,4.53043757545,2.50017204956
yellow green,1.43803755387,1.39826723326,1.55921211556,2.23703548794,1.87248142145,1.79455432542,1.95329926565,1.74949104938,1.66864145244,1.60763363123,1.78191001804,2.10269903187,5.27696514661,5.49298153238,5.66080932788,1.76703737233
orange yellow,2.48276572694,2.37897103606,3.00715733622,2.5265461938,3.38076722708,3.07294236208,3.79223353415,2.82362671723,2.34774716623,2.24848442371,2.64264296694,2.44618147693,7.25259909523,7.5537601183,7.17293759774,2.72183655711
blue,1.73761330123,2.19031279955,0.985652195383,2.60048879354,2.1488097872,2.04461124935,1.28685481873,2.73137615088,2.74814790257,3.07606820733,1.75014941023,3.74386413011,3.5168937402,3.90268958222,2.97240668065,2.7898014483
green,0.891721718661,0.709529625527,0.285497903969,3.21053295733,1.85679228554,1.24394608402,1.31001412085,3.10118578565,1.88377535277,1.33773833727,1.31782149776,2.94153305738,4.92225630038,4.63283269413,4.49189796044,1.41860661472
red,1.47075254874,0.758006779707,0.872332415081,3.38735442012,2.46374694512,1.10109717818,1.21743500963,3.01237126974,1.48041823941,0.559509085001,0.846929415197,2.94107062401,3.00214859326,2.58250849785,2.78752805974,1.02172300224
yellow,1.46652012173,0.62717602291,1.37164106371,5.84448871647,2.3356029817,1.44958064949,2.15431294178,5.23113335884,1.55595416261,0.877409827388,1.00629236702,5.35586514207,5.42064781861,5.29969626972,6.11275420688,1.34725899563
magenta,0.474020951889,0.48643974271,0.536139949103,3.71139654413,0.99074595315,0.461625865474,0.609743898605,3.03764024806,0.867632597914,0.357414538364,0.485803840096,3.2734198598,4.58110406577,3.98984538998,4.21932012985,0.750554566662
cyan,3.75689789051,3.36064650773,3.52835954095,6.73308471902,4.16848218608,3.78249581717,3.64887724859,7.01118486676,4.29285846089,3.93561422235,3.85601705499,7.0270044271,5.70683092691,5.71461148537,5.77193822631,3.810599962
white 9.5 (.05 D),1.42292638819,1.34720726087,1.87058720918,4.31193635708,3.5960321897,2.36675200418,1.47874237987,4.31193635708,3.60312652679,2.382556292,1.43386064736,4.31193635708,5.84551880039,5.61422207333,5.30623306885,1.16307962755
neutral 8 (.23 D),2.13525171624,2.26326537922,2.75320142627,3.31048236254,3.31649070812,2.43718533229,2.30675769053,3.52717796198,3.43189889593,2.6176646747,2.42559566527,3.08004662884,6.71953592582,6.56882212015,6.40927878142,2.27912960293
neutral 6.5 (.44 D),1.55207985684,1.27841472177,1.51180724505,3.92749446306,2.85538260379,2.50783223636,1.17967225854,4.15740529736,3.06200046632,2.67031036854,1.55304126311,3.73075102194,6.43539431254,6.06886592666,5.5500628852,1.52080673832
neutral 5 (.70 D),2.02387502834,1.95929043644,1.6863706948,3.25322030378,3.2628980044,2.44876232911,2.20759262014,3.04750552009,3.47435786691,2.73058805339,2.42979901843,2.64948071763,6.35006509421,6.26061595808,5.87484315327,1.8067858996
neutral 3.5 (1.05 D),1.11590123364,1.17396446817,1.48828574499,2.31606003683,1.60335532285,1.16769517856,0.890022838388,2.39606948893,1.78543880553,1.38947089328,1.13903606759,2.11760885343,3.88395515713,3.81463813948,3.71236265201,0.980246206268
black 2 (1.5 D),3.5047393283,3.86187910685,1.9731452923,2.2405541266,2.87492724016,3.19218468086,1.16687545915,2.08001465843,2.97823251914,3.28270496421,1.24044870691,1.90793013121,4.15869455237,4.30473686355,2.62203522946,0.784285668073
