Colony,PointID,Ring,RadiusPx,Row,Col,AnchorRow,AnchorCol,FiberAxisDeg,RadialRelativeTiltDeg,MeanCoherence,AxialResultant,SkeletonPixelCount
R3C4,0,0,45.8844915427,131.959112006,176.04231304,132,177,-35.3204126934,57.114372537,0.205665698318,0.988642832,5
R3C4,1,0,45.8844915427,132.723027132,184.904918177,133,185,81.9496567324,-16.7213670962,0.232075484743,0.841628248073,10
R3C4,2,0,45.8844915427,133.276791131,167.082241595,134,167,-20.1704174118,83.5482221624,0.278860185156,0.992091412832,10
R3C4,3,0,45.8844915427,137.025184889,158.984480068,137,159,-17.5040737731,-82.6090852628,0.704320534143,0.999351338707,6
R3C4,4,0,45.8844915427,136.291921039,195.247198191,136,195,39.5929034831,-72.8732556124,0.357059918568,0.869209693137,6
R3C4,5,0,45.8844915427,139.986022523,203.710967735,140,203,-16.5099558393,39.4173678448,0.291186430929,0.9529700969,8
R3C4,6,0,45.8844915427,139.526376491,152.0,140,152,-18.3691911415,-74.3188488926,0.594886094023,0.999678967735,2
R3C4,7,0,45.8844915427,142.0,208.0,142,208,-52.5251367382,-2.33070783049,0.228761737275,1.0,1
R3C4,8,0,45.8844915427,146.211806157,145.655069025,146,146,-55.945212132,79.5521577809,0.236771440757,0.980275858816,6
R3C4,9,0,45.8844915427,147.0,211.072298979,147,211,44.4559489475,87.6034696146,0.340144042074,0.999462180479,3
R3C4,10,0,45.8844915427,151.0,140.968981745,151,141,-66.8557682855,77.0477500497,0.402532659429,0.999726794971,3
R3C4,11,0,45.8844915427,158.548651385,219.349697636,158,220,13.3824633838,38.5752681922,0.424187987757,0.75821172857,17
R3C4,12,0,45.8844915427,161.866001021,136.405574051,162,136,77.4926676152,56.2919678809,0.247508274934,0.990387501789,3
R3C4,13,0,45.8844915427,169.0,223.031233154,169,223,-1.0986837173,10.2036063021,0.711589716907,0.999586946689,3
R3C4,14,0,45.8844915427,173.213532556,132.236196501,173,132,-51.5878237106,-57.558719253,0.227448974239,0.998432036066,5
R3C4,15,0,45.8844915427,177.0,133.0,177,133,-55.0631362992,-56.3361663193,0.170455710272,1.0,1
R3C4,16,0,45.8844915427,181.940402429,224.547263654,182,225,13.1682739909,8.32950554966,0.659753369226,0.991462188229,6
R3C4,17,0,45.8844915427,185.245108912,132.098146595,185,132,40.4109997263,49.3805181466,0.559526981913,0.99898583027,10
R3C4,18,0,45.8844915427,191.0,133.975562134,191,134,34.7923049161,51.2436769101,0.478326338679,0.999993592377,3
R3C4,19,0,45.8844915427,191.449164483,221.449164483,191,221,-28.432110545,-45.6313901308,0.4073318064,0.999736737103,2
R3C4,20,0,45.8844915427,195.553164088,134.553164088,196,135,-18.7519878986,3.24744859643,0.240591677129,0.958230663488,2
R3C4,21,0,45.8844915427,202.618691527,139.283959508,203,138,-16.3200444245,16.131352556,0.389475569089,0.955517639543,10
R3C4,22,0,45.8844915427,200.255177078,217.854438608,200,218,-62.8002494392,88.0202570825,0.474547938768,0.987613970785,3
R3C4,23,0,45.8844915427,211.891904369,208.234976204,211,208,63.1015225154,14.8376827299,0.707841012896,0.981515526756,17
R3C4,24,0,45.8844915427,212.73365306,149.073921885,212,149,-88.7299659775,-38.5173929126,0.338493438808,0.994903095557,5
R3C4,25,0,45.8844915427,218.346459259,155.683525877,218,156,-13.5941800409,47.4579169955,0.179990138694,0.957094291471,3
R3C4,26,0,45.8844915427,220.342735567,161.195548552,220,161,-54.5255480137,13.8279375951,0.449112385735,0.99542133989,7
R3C4,27,0,45.8844915427,220.519217799,196.519217799,221,197,-58.10439223,55.4311099995,0.200381031383,0.98085445233,2
R3C4,28,0,45.8844915427,223.617325331,172.0,224,172,-66.328484353,16.1784725573,0.49622716847,0.998247567861,4
R3C4,29,0,45.8844915427,223.507159399,185.903222432,223,186,-88.2225151857,11.629767395,0.243525294839,0.967725874142,7
R3C4,30,0,45.8844915427,225.0,177.0,225,177,-88.6932011561,0.0879236087377,0.170230218313,1.0,1
R3C4,31,1,53.8844915427,124.322096202,174.981482403,124,174,-45.17015589,48.0484191578,0.341935199862,0.751043986044,14
R3C4,32,1,53.8844915427,125.196349594,189.469956671,125,189,-71.7699321778,5.97472068945,0.475888188205,0.999293905555,4
R3C4,33,1,53.8844915427,127.0,165.078930008,127,165,-36.9253070239,67.2916760286,0.277148315533,0.998461731145,3
R3C4,34,1,53.8844915427,129.965516917,153.650300158,130,154,31.6347253455,-31.4838561814,0.357322476046,0.99364086045,3
R3C4,35,1,53.8844915427,129.0,197.0,129,197,-5.06521362746,63.740729891,0.219167948954,1.0,1
R3C4,36,1,53.8844915427,130.184110448,202.07574909,131,202,-17.8342832731,45.4400331502,0.367524223934,0.995282385142,9
R3C4,37,1,53.8844915427,135.539639659,145.185703148,136,145,40.6697390822,-11.6326254584,0.526779982404,0.997938225995,5
R3C4,38,1,53.8844915427,135.69672596,210.808658442,135,211,-44.5534107038,7.65092289361,0.357412051527,0.977291148285,10
R3C4,39,1,53.8844915427,143.093333246,218.972297522,143,219,46.0045859494,86.4341808581,0.33888384502,0.999824006917,4
R3C4,40,1,53.8844915427,144.747704049,135.240416715,145,135,41.8259975559,3.95532029707,0.455378961062,0.977348752237,6
R3C4,41,1,53.8844915427,150.0,223.896005058,150,224,60.4529421512,-88.1607398763,0.311519488509,0.995423258078,3
R3C4,42,1,53.8844915427,154.541107222,226.458892778,155,226,-5.3972623433,20.4343069235,0.165170543064,0.984087606935,2
R3C4,43,1,53.8844915427,158.139535655,127.672164592,158,128,-80.9991296928,77.4655941446,0.230969798412,0.966433683393,7
R3C4,44,1,53.8844915427,160.0,229.020235707,160,229,4.7326240043,24.1655264531,0.702988935667,0.999794876558,3
R3C4,45,1,53.8844915427,168.363468015,230.97702849,168,230,0.360005903295,10.6694011275,0.761999913263,0.997839633939,6
R3C4,46,1,53.8844915427,167.0,124.0,167,124,31.6435367228,20.1297055383,0.162776364865,1.0,1
R3C4,47,1,53.8844915427,170.0,126.0,170,126,39.3122480387,30.5660857761,0.166778726145,1.0,1
R3C4,48,1,53.8844915427,180.545761494,123.772820988,181,124,39.3160639226,42.0039111681,0.280847199626,0.997595108627,3
R3C4,49,1,53.8844915427,180.0,231.965272688,180,232,20.6238422634,18.5013821633,0.710379534731,0.999810241482,3
R3C4,50,1,53.8844915427,186.432984155,124.96204382,186,125,45.1783773601,54.2127263558,0.360413194234,0.997542266526,6
R3C4,51,1,53.8844915427,188.657655486,230.317086178,189,230,12.9411533149,1.42682658207,0.432191962417,0.978373459375,9
R3C4,52,1,53.8844915427,194.0,231.0,194,231,-11.5602239391,-28.3585957204,0.172304964901,1.0,1
R3C4,53,1,53.8844915427,200.611459335,226.919032852,201,227,75.9981398825,51.1907154826,0.566347744327,0.994852834918,11
R3C4,54,1,53.8844915427,202.323999067,130.017637689,202,130,0.148779164412,27.0308819565,0.515856205867,0.999921225278,3
R3C4,55,1,53.8844915427,205.0,133.0,205,133,0.715915495892,31.679672028,0.507040162085,1.0,1
R3C4,56,1,53.8844915427,208.773018709,134.0,209,134,3.35695218197,38.3253854446,0.364061516743,0.998295789187,5
R3C4,57,1,53.8844915427,212.95613019,218.95613019,213,219,56.7982118629,16.3173960033,0.64395843575,0.98408415172,3
R3C4,58,1,53.8844915427,219.0,143.079531603,219,143,-60.7246492223,-11.1463080845,0.568306238462,0.995678737254,5
R3C4,59,1,53.8844915427,219.997941914,211.665699765,220,212,51.3165347599,0.0323219148922,0.795889107957,0.997425811794,3
R3C4,60,1,53.8844915427,222.580644118,148.0,223,148,-59.0760668109,-3.01416708586,0.569496050511,0.996363398023,4
R3C4,61,1,53.8844915427,226.378467199,153.037277392,226,153,-59.7300627784,2.97673299436,0.624316436382,0.998757647246,6
R3C4,62,1,53.8844915427,228.235504858,158.012706359,228,158,-60.1950952504,8.10868748697,0.718946666463,0.999263590901,4
R3C4,63,1,53.8844915427,227.7625197,199.206575232,228,199,-69.7812597163,43.3002890928,0.299569669399,0.994533673361,4
R3C4,64,1,53.8844915427,227.0,203.0,227,203,40.2322552518,-22.7368844884,0.294596133655,1.0,1
R3C4,65,1,53.8844915427,229.18629502,195.689190913,229,195,-65.4059058973,43.6584510927,0.386484889621,0.999929570291,4
R3C4,66,1,53.8844915427,230.950863794,168.0,231,168,-66.9542566015,12.3511444403,0.605517939367,0.99943968658,3
R3C4,67,1,53.8844915427,231.425364579,171.720305345,231,172,-74.0521540916,9.24397768044,0.53534466039,0.990036929899,4
R3C4,68,1,53.8844915427,231.035363676,188.0,231,188,-72.0619732187,28.6159784226,0.386869108719,0.997223931695,3
R3C4,69,1,53.8844915427,232.073952739,176.0,232,176,-85.9303827241,1.95141909351,0.438487983658,0.99572694277,3
R3C4,70,2,61.8844915427,118.012031947,191.0,118,191,-75.5690939304,2.20340513602,0.693196478567,0.999908161317,3
R3C4,71,2,61.8844915427,121.901526501,151.0,122,151,-77.1365904623,38.5647595336,0.402383132117,0.99147488817,3
R3C4,72,2,61.8844915427,123.878988873,148.0,124,148,74.1873572508,13.1875464748,0.272987640144,0.85087922488,3
R3C4,73,2,61.8844915427,124.454427364,210.494972851,124,210,83.6059497806,-37.6461787463,0.169037442378,0.997063063089,4
R3C4,74,2,61.8844915427,126.630340182,142.948091763,127,143,27.3251095137,-28.3673539534,0.408413195132,0.99745290618,5
R3C4,75,2,61.8844915427,130.080343851,138.373780038,130,138,31.4416396175,-18.9699806787,0.506589936288,0.99919352256,3
R3C4,76,2,61.8844915427,129.0,214.0,129,214,-53.379111861,0.316391016393,0.153938188567,1.0,1
R3C4,77,2,61.8844915427,129.0,217.51976309,129,218,-38.5030259911,12.6099028973,0.213137044383,0.99704687314,2
R3C4,78,2,61.8844915427,134.388378365,222.487533949,134,223,-21.6845704366,22.7457938508,0.30032916715,0.962062817637,6
R3C4,79,2,61.8844915427,139.575169153,226.685172837,140,227,15.1439623442,53.4262715903,0.50536338079,0.997759852828,4
R3C4,80,2,61.8844915427,142.022214352,128.222611129,142,129,11.2878407073,-24.5705711922,0.32659093984,0.975986558121,9
R3C4,81,2,61.8844915427,145.621557837,230.544917493,146,231,20.5702849022,52.2118691235,0.52166090984,0.999551379794,4
R3C4,82,2,61.8844915427,149.0,122.0,149,122,62.2738289958,34.8961262245,0.513633382911,1.0,1
R3C4,83,2,61.8844915427,149.613474692,233.107763782,150,233,1.58593157133,28.8393514593,0.429742930172,0.98957770143,3
R3C4,84,2,61.8844915427,151.748298953,121.757046712,152,122,70.286561772,45.2654945115,0.502353936659,0.998030348958,4
R3C4,85,2,61.8844915427,155.0,235.538705162,155,236,-4.66282870251,17.1252892921,0.71891171559,0.999985533759,4
R3C4,86,2,61.8844915427,156.632367506,119.95285002,157,120,82.0799153174,61.8708398292,0.313561024553,0.994747182576,3
R3C4,87,2,61.8844915427,159.0,236.967879485,159,237,-6.84751484477,11.0119092056,0.639902797592,0.999024093707,3
R3C4,88,2,61.8844915427,167.244651319,238.526558174,167,239,-22.3246960926,-12.2486205047,0.604063221596,0.997704002405,6
R3C4,89,2,61.8844915427,170.047271038,118.0,170,118,32.6891811261,25.1388943628,0.542350854409,0.999998531185,3
R3C4,90,2,61.8844915427,173.270289485,116.303189696,173,116,28.2991556903,23.9154046668,0.58644877228,0.995324566523,4
R3C4,91,2,61.8844915427,176.320522793,240.010501152,176,240,-8.45483862001,-6.90343303745,0.579372321146,0.995558113921,3
R3C4,92,2,61.8844915427,186.732720897,239.078752299,187,240,17.7924797384,9.65577243701,0.227281618401,0.911800505062,5
R3C4,93,2,61.8844915427,191.69679901,238.30320099,192,238,-16.0339113202,-28.8305212692,0.347127279442,0.999951101092,4
R3C4,94,2,61.8844915427,200.700093746,119.862696475,201,120,50.9998052589,72.3282927122,0.582998368235,0.999251364979,8
R3C4,95,2,61.8844915427,205.642996498,233.462538972,205,233,70.4451653628,43.9531132073,0.46622984057,0.977932189986,9
R3C4,96,2,61.8844915427,212.0,126.010032967,212,126,5.62616904095,38.8097448011,0.471233620175,0.999778685652,3
R3C4,97,2,61.8844915427,216.719714137,129.904683011,217,130,9.28327312163,48.1194950048,0.515512422961,0.999792665348,3
R3C4,98,2,61.8844915427,218.243726824,225.966772425,218,226,37.7648694651,-2.23150344297,0.483912863255,0.999932009519,4
R3C4,99,2,61.8844915427,221.544953966,134.455046034,222,134,-11.0722830199,33.9277169801,0.400769861443,0.999991164919,2
R3C4,100,2,61.8844915427,225.596209884,137.274565995,225,137,-42.5613636666,6.88686891454,0.577074818326,0.960143131936,5
R3C4,101,2,61.8844915427,226.00127416,218.0,226,218,50.0520762614,-0.143100626026,0.753113885614,0.999753918223,3
R3C4,102,2,61.8844915427,229.01414578,142.98585422,229,143,-53.1056344358,2.4301609568,0.848042599059,0.999869116758,3
R3C4,103,2,61.8844915427,230.662068394,147.988224277,231,148,-54.4494350683,5.87202628378,0.822467655214,0.999857083417,3
R3C4,104,2,61.8844915427,230.98865877,210.331310905,231,210,45.7532692252,-12.8570552571,0.69400745349,0.99442350806,3
R3C4,105,2,61.8844915427,236.057406298,157.318270602,236,157,-57.3646880792,13.0279404539,0.581643886284,0.977138623726,20
R3C4,106,2,61.8844915427,233.866008052,205.0,234,205,56.8797131706,-7.32584320325,0.190162731605,0.960087192634,3
R3C4,107,2,61.8844915427,235.951218392,198.300742937,236,198,-78.4490741878,30.8566631702,0.198624955614,0.993044804396,3
R3C4,108,2,61.8844915427,239.017948446,188.0,239,188,86.3128916645,5.62014124644,0.552128309137,0.998402659257,3
R3C4,109,2,61.8844915427,239.968066323,173.0,240,173,-84.6047646607,0.782220290895,0.599491310189,0.998999771133,3
R3C4,110,2,61.8844915427,240.031092697,180.968907303,240,181,84.7840203173,-2.4758031029,0.684758864356,0.99849417072,3
R3C4,111,2,61.8844915427,241.0,184.0,241,184,80.7676283068,-3.79203966219,0.625682036203,1.0,1
R3C4,112,3,69.8844915427,110.234551701,195.529507404,110,196,84.1387870265,-20.3645183188,0.613581381678,0.998418189666,4
R3C4,113,3,69.8844915427,111.956640178,201.549900224,112,202,79.7072104879,-29.9181296119,0.443171612509,0.982528557434,9
R3C4,114,3,69.8844915427,113.50762588,150.747708936,114,151,-78.2978556293,34.6094157408,0.50909575138,0.999455043535,4
R3C4,115,3,69.8844915427,115.004412447,208.319386585,115,209,-53.226814086,11.0719617508,0.486113686241,0.981771552037,7
R3C4,116,3,69.8844915427,117.443614704,213.556385296,117,214,-40.1241963814,19.4559829987,0.536208417168,0.993425183163,2
R3C4,117,3,69.8844915427,118.901013206,141.38525299,119,141,-83.3346780505,38.4455857965,0.526827420557,0.999628573752,3
R3C4,118,3,69.8844915427,122.420350903,220.382628109,122,220,-8.56391200893,44.108516983,0.470394012367,0.998465811504,7
R3C4,119,3,69.8844915427,124.836565319,132.226163931,125,132,84.4321736352,35.1606981093,0.357627228818,0.996129440498,3
R3C4,120,3,69.8844915427,131.0,125.980910927,131,126,-83.6194624022,54.2822681366,0.75340012247,0.999957574218,3
R3C4,121,3,69.8844915427,135.497959514,233.502040486,135,234,9.68213583268,47.1261027931,0.73424082487,0.999975934381,2
R3C4,122,3,69.8844915427,139.291696115,119.931398632,139,120,-73.2900707742,73.0226604453,0.648477547441,0.999010615597,3
R3C4,123,3,69.8844915427,140.511930688,237.488069312,141,237,16.4478637722,48.6660895978,0.667051615801,0.999627908753,2
R3C4,124,3,69.8844915427,145.070931463,117.147419857,145,117,70.6885301875,42.269444628,0.27436756066,0.873940215399,6
R3C4,125,3,69.8844915427,145.0,239.495571354,145,239,4.31212850332,32.5312034195,0.603001887399,0.987141349612,4
R3C4,126,3,69.8844915427,149.0,114.659164229,149,115,63.5584934815,38.9582682385,0.325980925899,0.999036932729,4
R3C4,127,3,69.8844915427,154.678526139,112.018490768,155,112,75.4056680024,55.9394743267,0.415204145844,0.999790016446,3
R3C4,128,3,69.8844915427,161.575552728,245.67895404,162,245,-20.6790638711,-7.03813448331,0.65916558406,0.998474421618,9
R3C4,129,3,69.8844915427,162.0,111.0,162,111,41.5428203425,28.1117914718,0.157323020743,1.0,1
R3C4,130,3,69.8844915427,164.193353153,109.421208325,164,109,1.15293492537,-10.2299932944,0.231461227005,0.99662762475,3
R3C4,131,3,69.8844915427,169.656320136,108.682869941,170,110,-4.1318945121,-10.9955467029,0.459267614812,0.997441511114,7
R3C4,132,3,69.8844915427,175.0,247.980182123,175,248,-26.9816383281,-24.5269125397,0.578409177406,0.999386183431,3
R3C4,133,3,69.8844915427,193.0,110.063359859,193,110,19.5637340533,32.0145359594,0.316702172074,0.997667169885,3
R3C4,134,3,69.8844915427,197.0,111.044251618,197,111,39.8627714918,55.7050968038,0.510034650425,0.999921718026,3
R3C4,135,3,69.8844915427,205.742373606,242.136888641,206,242,16.0591249848,-7.33174247917,0.589775001259,0.999696135215,3
R3C4,136,3,69.8844915427,213.0,117.471574404,213,117,20.6237997168,50.6620489863,0.427757192515,0.999095753925,4
R3C4,137,3,69.8844915427,223.885814586,125.68391778,224,126,4.57544337575,45.8290596712,0.580750606792,0.992656459162,8
R3C4,138,3,69.8844915427,231.433198308,133.566801692,231,134,-56.548617745,-6.29435571967,0.427569421793,0.998622568827,2
R3C4,139,3,69.8844915427,232.980413864,220.656871592,233,221,59.6507964153,7.45710123859,0.777819983073,0.999772415553,3
R3C4,140,3,69.8844915427,237.008641222,140.821413946,237,140,-60.4434464853,-2.65655819145,0.773368431799,0.996234486964,12
R3C4,141,3,69.8844915427,237.492112408,215.492112408,237,215,59.3111327256,1.53038924619,0.705432907164,0.999944795812,2
R3C4,142,3,69.8844915427,241.808261678,206.861948017,242,206,74.1331511286,8.47148739613,0.210824337376,0.992713657943,7
R3C4,143,3,69.8844915427,244.01333803,154.324207721,244,154,-55.7724848362,14.4970596871,0.819497397813,0.999968971394,3
R3C4,144,3,69.8844915427,246.935855948,165.950516272,247,165,-27.9029536427,52.1823262667,0.365576003787,0.902162156487,14
R3C4,145,3,69.8844915427,245.925906479,192.297137645,246,192,82.905115453,4.79130739015,0.392375413249,0.999879935148,3
R3C4,146,3,69.8844915427,246.920687699,186.0,247,186,80.7036514753,-2.67534496247,0.408609536049,0.999828773365,3
R3C4,147,3,69.8844915427,247.478258897,179.0,247,179,-89.6040340927,1.22056664552,0.577420971919,0.999853417441,2
R3C4,148,4,77.8844915427,103.078598367,157.0,103,157,85.4517577109,11.1096095816,0.231458834463,0.997214810998,3
R3C4,149,4,77.8844915427,102.989417543,198.0,103,198,88.5756709965,-16.3537337326,0.85382874254,0.999808174072,3
R3C4,150,4,77.8844915427,104.011641217,204.227096662,104,204,83.3455679605,-26.1726266002,0.607365284978,0.999937307197,5
R3C4,151,4,77.8844915427,105.995282645,147.995282645,106,148,87.2045656509,19.8262963208,0.373237177315,0.982111003095,3
R3C4,152,4,77.8844915427,111.966503801,219.794911349,112,220,-31.3848197512,26.2840285002,0.716824306608,0.994905300887,12
R3C4,153,4,77.8844915427,113.0,134.0,113,134,85.3443772828,29.4393552375,0.63353543764,1.0,1
R3C4,154,4,77.8844915427,118.841475707,228.321446131,119,229,-5.85591241468,43.7589216935,0.263263976012,0.986529988103,6
R3C4,155,4,77.8844915427,125.720153697,120.427932151,126,120,-86.9885054594,50.7696412908,0.764903343631,0.998821382316,7
R3C4,156,4,77.8844915427,125.755133199,236.013580857,126,236,25.9528766375,67.9578963746,0.615627798949,0.993676574747,4
R3C4,157,4,77.8844915427,130.338285141,116.991676739,130,117,-82.5620855357,59.4397872005,0.815495745088,0.999986879832,3
R3C4,158,4,77.8844915427,137.0,113.0,137,113,-80.790802625,66.9667295359,0.832287152663,1.0,1
R3C4,159,4,77.8844915427,143.19506887,246.992594374,143,247,-21.737758654,5.03197259591,0.525405054299,0.993895972879,9
R3C4,160,4,77.8844915427,151.492604306,250.0,151,250,-9.75881527698,10.4527862821,0.247025469453,0.993110637275,2
R3C4,161,4,77.8844915427,155.456310161,252.385824618,155,252,0.954236942334,17.8144211417,0.239874862675,0.984086065142,4
R3C4,162,4,77.8844915427,163.963702392,254.713494434,164,255,-10.9102886499,-0.541551310956,0.469358724633,0.98666046551,8
R3C4,163,4,77.8844915427,166.520433659,101.520433659,167,102,-26.7970774693,-35.3334343586,0.288111712437,0.989808797868,2
R3C4,164,4,77.8844915427,170.0,101.596463803,170,102,-13.7057567202,-19.6832556456,0.197736485013,0.998544886279,2
R3C4,165,4,77.8844915427,176.289554116,256.099926446,176,256,-11.5724656589,-10.3178464717,0.307331648186,0.998747794295,3
R3C4,166,4,77.8844915427,177.919497295,99.9194972949,178,100,77.2980546074,77.2389814272,0.17088814795,0.993922682689,3
R3C4,167,4,77.8844915427,184.676447124,100.017483838,185,100,79.2660980623,84.1595243435,0.589843075598,0.99847973176,3
R3C4,168,4,77.8844915427,191.746550543,101.599942421,192,102,59.321909254,69.5219168653,0.368641724693,0.953547675306,11
R3C4,169,4,77.8844915427,200.415222308,103.584777692,200,104,51.0333123669,67.7965718277,0.22153503241,0.999711203707,2
R3C4,170,4,77.8844915427,208.625709616,249.921466766,209,250,21.3688292,-1.69652030252,0.605274036877,0.99780998147,3
R3C4,171,4,77.8844915427,214.307957834,109.454132193,214,110,13.7378527879,41.6475069961,0.714639069084,0.999630029792,6
R3C4,172,4,77.8844915427,220.234669696,112.483813341,220,112,8.216009226,41.0236511319,0.543880243511,0.996623096971,4
R3C4,173,4,77.8844915427,225.753075279,116.073166435,226,115,-11.8427561166,25.7938111714,0.537689705051,0.979945479458,9
R3C4,174,4,77.8844915427,227.0,240.0,227,240,-9.22947683992,-47.5495907767,0.434576292223,1.0,1
R3C4,175,4,77.8844915427,233.385418441,122.029817686,233,122,-7.76340109591,36.9357232074,0.209845066527,0.96143084773,5
R3C4,176,4,77.8844915427,241.398215976,222.0,241,222,71.1585578551,15.9202050352,0.193476174201,0.997852648373,2
R3C4,177,4,77.8844915427,244.778554903,139.0,245,139,-80.9373714149,-21.2231468007,0.329452426582,0.989841178477,3
R3C4,178,4,77.8844915427,246.496629388,215.0,246,215,65.6798815182,4.05658230262,0.33448955044,0.993709166977,4
R3C4,179,4,77.8844915427,246.50178989,213.0,247,213,74.8147820428,11.8788864687,0.272047760313,0.995009563432,2
R3C4,180,4,77.8844915427,249.824668539,207.778754807,250,208,-71.2621585712,41.256905873,0.343331402552,0.996966848358,4
R3C4,181,4,77.8844915427,250.959465996,150.68974825,251,151,-60.0706894152,9.40738631744,0.735545155388,0.998934473519,3
R3C4,182,4,77.8844915427,253.692083557,161.499309458,254,161,-17.1674259242,60.5346354058,0.350087010449,0.600586076019,12
R3C4,183,4,77.8844915427,252.0,205.0,252,205,-57.5131420474,52.532107378,0.386735571708,1.0,1
R3C4,184,4,77.8844915427,255.930608726,175.215616518,256,175,33.0614830724,-58.9847679687,0.323402286648,0.998368612876,4
R3C4,185,4,77.8844915427,256.0,165.0,256,165,12.0844373356,-87.3778848725,0.431512170344,1.0,1
R3C4,186,5,85.8844915427,95.0053650362,199.0,95,199,-81.9517164261,-6.15115116825,0.878850453494,0.999352981876,3
R3C4,187,5,85.8844915427,98.8128136314,146.011390598,99,146,67.6990457667,-0.304120748623,0.440134157485,0.996114017179,5
R3C4,188,5,85.8844915427,100.213100144,214.0,100,214,-30.6732313441,34.491933959,0.351005409276,0.986512938462,3
R3C4,189,5,85.8844915427,104.996763618,133.0,105,133,89.0889555415,30.7390937901,0.908202106372,0.999999827007,3
R3C4,190,5,85.8844915427,107.323455105,226.870263302,107,227,-24.7402823507,30.5972675576,0.664624940131,0.995666247715,13
R3C4,191,5,85.8844915427,112.619365835,123.0,113,123,-69.337947447,60.7335284466,0.575963890841,0.999576001866,4
R3C4,192,5,85.8844915427,115.017744365,119.0,115,119,-69.8446528028,63.2855224961,0.764286495898,0.998063630899,3
R3C4,193,5,85.8844915427,125.065291572,245.647440195,125,246,-2.30495857365,35.7385295809,0.403153894338,0.952518353579,6
R3C4,194,5,85.8844915427,134.413763689,251.676160208,134,252,-7.96232819482,22.6458967003,0.412384669885,0.993909914508,6
R3C4,195,5,85.8844915427,141.0,255.048359208,141,255,-14.5935997883,11.0575513174,0.617095380126,0.995072180853,3
R3C4,196,5,85.8844915427,147.9313471,258.453255224,148,259,0.752609910257,21.2453700132,0.474889277156,0.941206843563,6
R3C4,197,5,85.8844915427,147.0,97.0,147,97,87.4990409524,66.5563904024,0.732546613936,1.0,1
R3C4,198,5,85.8844915427,166.0,263.017424826,166,263,17.5205609401,25.5546461898,0.714284787071,0.998659250346,3
R3C4,199,5,85.8844915427,172.625504955,264.56460705,173,265,-3.38106210773,0.171673076942,0.708682176792,0.995497367012,7
R3C4,200,5,85.8844915427,179.496985953,263.503014047,179,264,-5.73475908664,-6.73779056922,0.844646425488,0.999965881308,2
R3C4,201,5,85.8844915427,188.965448241,93.2116791095,189,93,61.0512994374,68.4203084019,0.546468670216,0.987853869024,4
R3C4,202,5,85.8844915427,196.0,94.5370449341,196,95,50.8017820379,62.9720504259,0.234091099814,0.996251573487,2
R3C4,203,5,85.8844915427,198.0,96.0,198,96,54.1577297556,67.8646907597,0.23047626122,1.0,1
R3C4,204,5,85.8844915427,205.294877375,259.048453028,205,259,-1.47265083116,-20.0847529548,0.257508095089,0.992555156734,3
R3C4,205,5,85.8844915427,208.0,99.0,208,99,3.66245172026,24.4565666758,0.175676191305,1.0,1
R3C4,206,5,85.8844915427,212.0,258.0,212,258,43.3535269682,20.3280349597,0.284933935759,1.0,1
R3C4,207,5,85.8844915427,213.0,99.5837791354,213,100,12.5690479737,36.621985476,0.471626319385,0.99862582279,4
R3C4,208,5,85.8844915427,216.763577006,254.847882657,217,255,1.84690771548,-24.9203639393,0.243434701799,0.775745951511,9
R3C4,209,5,85.8844915427,217.0,100.0,217,100,5.21158590386,31.7766370809,0.501825258223,1.0,1
R3C4,210,5,85.8844915427,227.618054869,247.901924075,228,248,-25.1579315203,-60.5259738027,0.529235616582,0.932078054027,16
R3C4,211,5,85.8844915427,232.0,111.473817674,232,111,-12.9535107963,26.1130897404,0.876751666069,0.999572630447,4
R3C4,212,5,85.8844915427,237.145734713,115.778578431,237,116,-8.88819955576,34.6601213312,0.584916415849,0.992083674031,5
R3C4,213,5,85.8844915427,244.0,232.0,244,232,19.4715161527,-31.2390769848,0.355712324262,1.0,1
R3C4,214,5,85.8844915427,248.270043975,128.859103144,248,129,34.0259377201,89.0602660997,0.709716484577,0.999066570712,10
R3C4,215,5,85.8844915427,248.845407744,226.6505106,249,227,22.7050546323,-32.8170265409,0.258637993574,0.996268862069,5
R3C4,216,5,85.8844915427,254.583712316,216.554635517,255,217,76.074457298,12.7965703231,0.396562084909,0.987729388496,10
R3C4,217,5,85.8844915427,258.713180363,147.095688614,259,147,-51.9048964949,17.1437342954,0.292926736119,0.96282737602,5
R3C4,218,5,85.8844915427,260.457875011,155.222955157,260,155,-61.2829682784,13.2754719443,0.408459188008,0.995611512182,8
R3C4,219,5,85.8844915427,261.459609092,200.448343889,262,200,14.3458331972,-60.5994744738,0.225027409643,0.919020666995,9
R3C4,220,5,85.8844915427,263.053836174,164.645334781,263,165,87.6489355141,-11.27446398,0.227233671953,0.959501842312,3
R3C4,221,5,85.8844915427,263.924918094,184.924918094,264,185,30.8325381311,-54.5598009731,0.597679619014,0.999510484895,3
R3C4,222,6,93.8844915427,87.1093836426,200.280767034,87,200,-72.7825356655,3.4436910519,0.534789884474,0.997525727242,3
R3C4,223,6,93.8844915427,90.4921339866,143.001868233,90,143,-68.0133585851,43.7852203841,0.76705547093,0.999893461569,4
R3C4,224,6,93.8844915427,90.998309436,214.0,91,214,-82.4940621082,-14.9731031628,0.508063858433,0.999979861916,3
R3C4,225,6,93.8844915427,92.6698034216,217.988887213,93,218,-83.790787936,-18.9003144309,0.435421586778,0.999023993013,3
R3C4,226,6,93.8844915427,95.3659142324,132.531224939,95,133,-84.4024558377,34.4189983765,0.706202643453,0.996850492954,6
R3C4,227,6,93.8844915427,102.753209739,233.495791803,103,233,-8.77369153446,44.8169006547,0.78583940895,0.999992615878,4
R3C4,228,6,93.8844915427,110.401576608,244.0,110,244,-84.8041181444,-39.1186419062,0.377870729142,0.998722966878,2
R3C4,229,6,93.8844915427,114.239650364,246.0,114,246,-18.7888832275,24.3681473902,0.337762062435,0.985114296305,3
R3C4,230,6,93.8844915427,122.332750221,253.995924841,122,254,-23.7890131483,12.4338784585,0.765806895782,0.999987772987,3
R3C4,231,6,93.8844915427,125.841372591,256.416870072,126,256,-25.2055409992,8.4241446627,0.554356344416,0.999173251049,6
R3C4,232,6,93.8844915427,131.462365459,95.2767831224,132,95,-70.1762406999,80.4629410311,0.813942636469,0.99719870964,4
R3C4,233,6,93.8844915427,133.52468098,260.557169702,134,261,1.01174326784,29.3240428259,0.741838261617,0.999993680267,4
R3C4,234,6,93.8844915427,143.199182712,90.6320498935,143,91,87.1483654739,65.4297490068,0.788274457016,0.990760020154,11
R3C4,235,6,93.8844915427,139.0,262.982406292,139,263,2.39721456829,27.0484812454,0.816604123839,0.999719062641,3
R3C4,236,6,93.8844915427,156.537178546,86.7807151346,156,87,-65.4897654074,-78.7299641197,0.414987692683,0.999559791028,4
R3C4,237,6,93.8844915427,165.322834633,271.01437153,165,271,4.97018045162,12.7313475257,0.756189269371,0.999948923054,3
R3C4,238,6,93.8844915427,168.478045063,270.0,168,270,2.25688180547,8.16592733264,0.60055582147,0.999746605895,2
R3C4,239,6,93.8844915427,173.190045768,271.504846,173,271,-3.56459299624,-0.619853869149,0.422677828703,0.989142986965,10
R3C4,240,6,93.8844915427,179.5129043,271.0,180,271,-9.59404040276,-10.5260337982,0.657005055852,0.999999284015,2
R3C4,241,6,93.8844915427,203.617078503,87.382921497,204,87,-40.0837374992,-24.298356258,0.226179555081,0.998841213075,2
R3C4,242,6,93.8844915427,206.708500791,88.3428967937,207,88,-47.3662823103,-29.6110447849,0.31846628944,0.994907557307,4
R3C4,243,6,93.8844915427,212.669373468,90.701119791,213,91,3.61324796873,25.2729689397,0.244506982598,0.927757042873,5
R3C4,244,6,93.8844915427,217.0,262.0,217,262,49.8935846256,24.9888158175,0.182694674824,1.0,1
R3C4,245,6,93.8844915427,221.0,263.0,221,263,-75.7273860672,77.4385704621,0.151629173212,1.0,1
R3C4,246,6,93.8844915427,235.94394672,103.750292547,236,104,-8.43706151442,29.5311639623,0.717095103125,0.99807405168,12
R3C4,247,6,93.8844915427,241.388766518,246.0,241,246,-3.68331122475,-46.673277739,0.197858322564,0.994092633285,2
R3C4,248,6,93.8844915427,249.0,117.009837606,249,117,47.2530079722,-83.4101103519,0.63914418463,0.998697329328,3
R3C4,249,6,93.8844915427,251.36817074,236.437057394,251,237,48.9937621049,-2.46924613208,0.512690129257,0.997859557664,6
R3C4,250,6,93.8844915427,250.953121124,119.692075586,251,120,41.5637490056,-87.0699155446,0.606367448279,0.999208822278,3
R3C4,251,6,93.8844915427,258.660146054,128.0,259,128,-39.779323301,18.4265311039,0.223502690106,0.986660908579,2
R3C4,252,6,93.8844915427,260.628671577,133.793853925,261,134,-39.6631238115,22.1901991401,0.631899786143,0.996489067813,4
R3C4,253,6,93.8844915427,263.152637798,216.959442873,263,216,-56.4255850807,58.1596842115,0.496164331585,0.997352860358,7
R3C4,254,6,93.8844915427,264.432440618,140.15941734,264,140,-37.3309779345,29.0249626854,0.703936807531,0.996378364142,12
R3C4,255,6,93.8844915427,266.506108975,146.0,267,146,-37.1740346139,32.9481556655,0.770619971468,0.999995779975,2
R3C4,256,6,93.8844915427,266.363912576,210.055856951,266,210,-49.5795275649,60.3597710976,0.695843910829,0.99859718314,3
R3C4,257,6,93.8844915427,269.497035797,158.250455103,270,158,-57.4762919866,20.343340345,0.394544778548,0.969723975342,12
R3C4,258,6,93.8844915427,270.983997616,192.0,271,192,37.3497726128,-44.0878863376,0.632834595902,0.998637897606,3
R3C4,259,6,93.8844915427,272.032839763,185.689512585,272,186,48.2313608686,-37.0936928176,0.368719911303,0.998988505071,3
R3C4,260,7,101.884491543,75.496535348,184.0,75,184,0.834232347088,87.4842689254,0.718191333868,0.999858638481,2
R3C4,261,7,101.884491543,76.9962914718,188.0,77,188,3.04320914343,87.3889945875,0.755960402325,0.999832014373,3
R3C4,262,7,101.884491543,79.2021710096,198.677788406,79,199,-8.3382841535,69.8406869598,0.501131745559,0.850766702641,11
R3C4,263,7,101.884491543,81.7485001342,145.008342295,82,146,-58.4611931016,50.4587336844,0.567304008407,0.996792524681,7
R3C4,264,7,101.884491543,83.6335070843,216.0,84,216,-67.8092585151,0.256819890019,0.217373047829,0.954385351086,4
R3C4,265,7,101.884491543,85.2335913586,136.62746163,85,137,-66.9042829443,47.1319291417,0.790465262021,0.99853939744,9
R3C4,266,7,101.884491543,89.3351714853,126.541855289,89,127,87.2329689418,27.3624360815,0.430932670161,0.906235432463,8
R3C4,267,7,101.884491543,93.184671678,121.44203911,93,121,44.7648780577,-11.5383163165,0.217601875559,0.996850987186,3
R3C4,268,7,101.884491543,101.34932976,244.74268829,102,245,-78.685729014,-29.733072524,0.615814764553,0.984029565186,11
R3C4,269,7,101.884491543,106.980022947,103.986999573,107,104,-68.3437300394,67.8385063882,0.730090129417,0.999494668389,4
R3C4,270,7,101.884491543,107.346670005,250.552473158,107,250,-78.2824451893,-34.0422363931,0.722967730775,0.998205102547,5
R3C4,271,7,101.884491543,113.592675057,99.1400304322,113,99,-56.3918390315,84.3686074586,0.683868034164,0.997058338211,9
R3C4,272,7,101.884491543,118.534068124,260.465931876,119,260,-26.3496469262,9.44561141936,0.547319310422,0.999811257323,2
R3C4,273,7,101.884491543,122.267509017,262.588238056,122,263,-31.2812915374,2.09832089556,0.467421138625,0.999282442822,6
R3C4,274,7,101.884491543,129.275546257,267.164725811,130,267,-4.46265709666,24.1919339966,0.396492010899,0.992373099266,12
R3C4,275,7,101.884491543,140.379601535,273.064671518,140,274,75.8637597758,-82.5458108993,0.424658116669,0.988894252741,7
R3C4,276,7,101.884491543,148.043526822,275.572821758,148,276,67.1991475024,84.2665013921,0.66784839962,0.997502657017,4
R3C4,277,7,101.884491543,160.593018609,77.6796127868,160,78,74.8421660824,64.9985586157,0.392418352559,0.994601859047,9
R3C4,278,7,101.884491543,164.0,77.0311371477,164,77,75.78533609,67.891230667,0.526920516018,0.996738962775,3
R3C4,279,7,101.884491543,168.487775807,279.39713356,168,279,22.7442303955,28.1035523284,0.538564533124,0.997826745624,12
R3C4,280,7,101.884491543,172.054827973,76.0548279734,172,76,66.2150051688,62.8774474385,0.733507827878,0.999853991601,3
R3C4,281,7,101.884491543,182.0,77.0,182,77,72.8869415057,75.1548960416,0.946961612977,1.0,1
R3C4,282,7,101.884491543,195.114973332,76.9869428518,195,77,57.7431053094,67.359588908,0.437142981055,0.985848364861,6
R3C4,283,7,101.884491543,206.037028465,80.5114430183,206,81,-35.6095131377,-19.564647225,0.525002803513,0.997328953301,13
R3C4,284,7,101.884491543,220.0,271.082122031,220,271,-17.8892951143,-42.1748800588,0.489584177858,0.99885765606,3
R3C4,285,7,101.884491543,225.0,267.521217008,225,268,-24.3764601722,-52.0766158716,0.363950470623,0.998529593988,2
R3C4,286,7,101.884491543,233.501784711,263.608354461,234,263,-63.9419317345,83.1018369896,0.446845398865,0.98326378134,7
R3C4,287,7,101.884491543,235.0,94.0265034696,235,94,-1.10894955224,33.059146285,0.717785075443,0.995463531791,3
R3C4,288,7,101.884491543,238.0,262.0,238,262,-69.7655232823,74.6967989257,0.538842268915,1.0,1
R3C4,289,7,101.884491543,240.298546935,98.0536452133,240,98,-10.3926710463,27.5349890315,0.627374312747,0.999319603161,3
R3C4,290,7,101.884491543,243.436246758,99.5637532419,243,100,-16.7176659687,23.1192352011,0.286789636266,0.999916721015,2
R3C4,291,7,101.884491543,244.392579225,255.028531237,244,255,-38.2737845697,-79.0325560664,0.708668319115,0.99992902334,5
R3C4,292,7,101.884491543,248.0,105.190822808,248,105,69.6289041436,-66.4980069206,0.358575966736,0.99685865507,3
R3C4,293,7,101.884491543,252.575111485,247.412108079,253,248,-28.3099267611,-75.363523049,0.456877590053,0.967776919876,10
R3C4,294,7,101.884491543,255.294597849,111.639397353,255,112,41.5440731378,-89.1033784361,0.222359232418,0.979978834374,14
R3C4,295,7,101.884491543,261.775128448,120.267282799,262,120,-85.1164867223,-29.6887327016,0.239509759136,0.922904581377,7
R3C4,296,7,101.884491543,264.101888272,232.884276418,264,232,-2.73181366924,-60.2169893775,0.599031038701,0.993084026082,12
R3C4,297,7,101.884491543,264.0,235.0,264,235,-6.48396011105,-62.9479131267,0.637309657389,1.0,1
R3C4,298,7,101.884491543,269.968168355,133.676452121,270,133,-58.4318588308,5.83665747757,0.764887426765,0.998784522752,8
R3C4,299,7,101.884491543,272.493583762,140.506416238,272,141,-50.2070273482,18.1505649139,0.627380113574,0.996353201018,2
R3C4,300,7,101.884491543,275.924033468,206.600106407,276,207,-40.8724448417,65.4087499202,0.816387772304,0.987939850571,6
R3C4,301,7,101.884491543,276.060266705,151.63430773,276,152,-17.0694878234,57.8811748383,0.605203421197,0.999358789496,3
R3C4,302,7,101.884491543,278.598650185,159.401349815,279,159,-28.9436749867,50.5817705427,0.193170477952,0.970579842027,2
R3C4,303,7,101.884491543,279.413960505,186.98260368,279,187,68.2946917678,-16.643621675,0.423470093573,0.976560077135,19
R3C4,304,7,101.884491543,279.0,200.0,279,200,-46.1237483684,56.1645747948,0.220028663267,1.0,1
R3C4,305,7,101.884491543,280.0,163.70223412,280,164,-64.473395268,17.5472069007,0.32317463662,0.988809756423,4
R3C4,306,8,109.884491543,70.4150475818,156.597746359,71,157,-52.2892363537,48.9619296534,0.52134606582,0.88225893996,6
R3C4,307,8,109.884491543,71.4969086828,205.0,71,205,-63.4662907246,12.3081415323,0.328213758197,0.958929459087,4
R3C4,308,8,109.884491543,72.0062972155,149.0,72,149,-59.9398947486,45.3618172551,0.603699957404,0.999196972659,3
R3C4,309,8,109.884491543,76.1360984183,139.115221588,76,139,-41.5599768105,69.3335121375,0.263505133453,0.993525353696,4
R3C4,310,8,109.884491543,76.1965083577,219.305761448,76,220,-37.235296585,30.6803348013,0.522310415529,0.995674079266,4
R3C4,311,8,109.884491543,84.0,122.0,84,122,-77.2283496756,43.5557968507,0.245596375118,1.0,1
R3C4,312,8,109.884491543,94.1847947143,107.106263142,94,107,-70.39207861,59.833593101,0.538515166178,0.999763476288,5
R3C4,313,8,109.884491543,93.9798190431,248.593660189,94,249,-85.0942925074,-35.1312313505,0.403547689386,0.997665466703,13
R3C4,314,8,109.884491543,113.335456398,266.990968552,113,267,-85.7766237688,-49.7729070742,0.328170784981,0.994959523444,6
R3C4,315,8,109.884491543,122.422127776,272.63104403,122,273,-29.9760861131,0.450107291593,0.371505619369,0.975202895395,10
R3C4,316,8,109.884491543,129.811939332,276.837277582,130,278,-77.6394132198,-51.6478902928,0.547445729115,0.934314043588,9
R3C4,317,8,109.884491543,136.0,278.0,136,278,82.3868397374,-74.8307545321,0.75636913253,1.0,1
R3C4,318,8,109.884491543,158.514029811,286.518866633,159,286,59.7531609739,69.9328788083,0.74474768039,0.999490622659,6
R3C4,319,8,109.884491543,157.54745617,71.0,158,71,-86.4226353387,82.7560781053,0.327276038107,0.999074065027,2
R3C4,320,8,109.884491543,166.342969666,287.368348521,166,288,56.0267276742,62.1106318145,0.633042990219,0.997882466279,4
R3C4,321,8,109.884491543,171.408033964,288.147653839,171,288,85.3134209366,88.7382953651,0.314944329759,0.950123434041,3
R3C4,322,8,109.884491543,185.515681158,288.015813613,186,288,-82.5502428645,-86.4583065074,0.462829896949,0.986156103064,5
R3C4,323,8,109.884491543,188.0,286.0,188,286,89.1087852927,83.8187040873,0.459439543635,1.0,1
R3C4,324,8,109.884491543,195.529827837,69.5463586205,196,70,60.4219515623,69.6035060224,0.624528857244,0.996339822071,7
R3C4,325,8,109.884491543,194.0,288.0,194,288,73.2439177203,64.9680248933,0.374117395374,1.0,1
R3C4,326,8,109.884491543,204.0,70.0,204,70,53.8590103948,67.3948667639,0.298823067183,1.0,1
R3C4,327,8,109.884491543,207.142653141,72.7588715688,207,73,-43.0941024325,-27.6159921456,0.342926993561,0.994852261346,5
R3C4,328,8,109.884491543,214.056618938,281.852628378,214,282,-70.3052390113,-89.4517411461,0.223136026251,0.975731729267,6
R3C4,329,8,109.884491543,216.957847421,75.5104087915,217,76,-42.1287694471,-21.316213,0.576379302362,0.998012993699,5
R3C4,330,8,109.884491543,220.445949121,78.0,220,78,-49.785312902,-26.78605691,0.293109588055,0.999694884635,2
R3C4,331,8,109.884491543,228.251968643,80.0,228,80,28.9051096688,56.0527352529,0.38451486135,0.999516857034,5
R3C4,332,8,109.884491543,227.0,275.0,227,275,-48.5419232629,-75.3427582099,0.171542675465,1.0,1
R3C4,333,8,109.884491543,232.0,82.5793629032,232,83,29.329176339,58.835362481,0.643759182733,0.998949572828,4
R3C4,334,8,109.884491543,235.321720487,271.476784698,235,271,89.8793533787,58.3619454139,0.244177543626,0.987423332823,10
R3C4,335,8,109.884491543,238.996549431,87.0627284857,238,87,24.0283043246,57.8802002707,0.573596288237,0.98603848015,17
R3C4,336,8,109.884491543,242.17816009,267.184641724,242,268,-72.6079579822,71.6528738417,0.361068917372,0.998528420638,5
R3C4,337,8,109.884491543,252.16967484,259.03251044,252,259,-46.0555679074,-88.5236735668,0.66479530233,0.990965136446,22
R3C4,338,8,109.884491543,253.402556668,97.9771562279,254,97,22.5746086872,65.8718946188,0.35795433852,0.997783489428,11
R3C4,339,8,109.884491543,260.220542161,104.392427299,260,104,14.7434860601,62.9071332701,0.555253896914,0.995560440835,5
R3C4,340,8,109.884491543,264.398619491,246.798725355,264,247,-19.9179030309,-71.387794178,0.54449752854,0.995622165753,5
R3C4,341,8,109.884491543,268.448122028,115.513694888,268,115,37.5929306134,-87.0458194738,0.235830553458,0.990743757727,5
R3C4,342,8,109.884491543,273.24012942,123.871996063,274,124,-53.9781592639,6.41088980971,0.408320090299,0.988730410075,10
R3C4,343,8,109.884491543,278.120026275,133.431234599,278,133,-70.9273698508,-4.92376758074,0.413118025121,0.983907125513,11
R3C4,344,8,109.884491543,278.0,227.0,278,227,10.1178934871,-53.7772525038,0.243884048879,1.0,1
R3C4,345,8,109.884491543,283.872393033,207.0,284,207,-33.9759922746,71.3424294023,0.542890469224,0.999250354178,3
R3C4,346,8,109.884491543,284.17844069,146.593988023,284,147,-26.9572131109,46.5653492134,0.432650052777,0.976797555003,6
R3C4,347,8,109.884491543,284.65697642,152.706864737,284,153,-37.1632184891,39.4958355526,0.552946582543,0.996289414138,6
R3C4,348,8,109.884491543,285.790230455,161.911868055,286,162,-49.2993616091,32.2116748312,0.463237685014,0.991814125298,5
R3C4,349,8,109.884491543,286.999452592,191.0,287,191,70.8104048251,-12.3882465139,0.625477854197,0.999937985775,3
R3C4,350,9,117.884491543,61.0732092285,190.0,61,190,-7.57730668664,76.5630387141,0.532486375749,0.999931909744,3
R3C4,351,9,117.884491543,61.5530206779,194.710605388,62,195,-4.22985577653,77.6037251542,0.401433330815,0.988772077792,5
R3C4,352,9,117.884491543,61.0,174.442604712,61,174,-4.6383617044,87.1031849734,0.638952942411,0.983219811028,4
R3C4,353,9,117.884491543,64.340589228,207.895457557,65,208,-36.1205383597,39.1429301182,0.707126697371,0.997327025747,5
R3C4,354,9,117.884491543,64.9893410249,145.0,65,145,-78.1360905616,28.1421284754,0.518275610149,0.99183442844,3
R3C4,355,9,117.884491543,67.9726408695,134.523315134,68,135,80.1236204454,11.6847923961,0.354386577331,0.998116558903,7
R3C4,356,9,117.884491543,69.9697470164,225.030252984,70,225,-28.8702919801,37.6041272489,0.767997146453,0.999732245117,3
R3C4,357,9,117.884491543,71.0,230.0,71,230,-24.4046469789,39.67646745,0.788794449364,1.0,1
R3C4,358,9,117.884491543,84.423213609,251.423213609,84,251,49.3471090914,-78.7717082146,0.343055223231,0.99978657461,2
R3C4,359,9,117.884491543,98.0365185005,264.321228983,98,264,44.5644138937,87.3748274359,0.353932205823,0.993112592883,3
R3C4,360,9,117.884491543,105.63583532,270.978985329,106,271,73.0761345355,-69.0307728055,0.544696128318,0.971419466979,12
R3C4,361,9,117.884491543,114.695715246,277.532344761,115,277,-85.5649093491,-53.1078467091,0.249416955497,0.987021943752,4
R3C4,362,9,117.884491543,123.28118127,282.537152774,123,283,-54.8009129189,-27.1716005018,0.396745176026,0.959603683468,10
R3C4,363,9,117.884491543,173.044314543,296.044314543,173,296,-75.4892366563,-73.0852815954,0.298051754306,0.997662630543,3
R3C4,364,9,117.884491543,181.70527107,296.326998166,182,296,-72.8147132177,-74.6082772298,0.397141945484,0.929449563084,10
R3C4,365,9,117.884491543,189.642718644,62.0,190,62,78.5208121314,84.2522955782,0.520015275222,0.999365486344,4
R3C4,366,9,117.884491543,196.827020949,294.68110314,197,294,72.9921707257,63.8262399051,0.611130124155,0.954114522073,9
R3C4,367,9,117.884491543,208.638507754,64.0434976462,209,64,-74.3112195159,-59.2624647334,0.408506887868,0.704186214159,14
R3C4,368,9,117.884491543,205.520949635,293.479050365,206,293,-73.8073494153,-87.2120252998,0.685732135051,0.999755183407,2
R3C4,369,9,117.884491543,213.910712387,290.665776565,214,290,-74.2967546083,88.0242586783,0.826038442661,0.999707302375,9
R3C4,370,9,117.884491543,215.244118929,65.7809596775,215,66,-40.3433042603,-21.9829336786,0.643512008046,0.999296748336,4
R3C4,371,9,117.884491543,218.474961034,67.7598237241,218,68,-39.6726735571,-19.5118345275,0.709253022629,0.99878890601,4
R3C4,372,9,117.884491543,227.755853979,70.5993770494,228,71,-55.6456559887,-30.7886203346,0.45275509269,0.986550862348,6
R3C4,373,9,117.884491543,226.995606353,285.332094939,227,285,-65.3835192421,-89.9195565422,0.738313310418,0.999885141423,3
R3C4,374,9,117.884491543,233.158263834,73.9318950725,233,74,48.5748987646,76.4994204239,0.350667935407,0.99644483774,4
R3C4,375,9,117.884491543,239.216596946,77.3993995233,239,77,44.5906633561,75.911646362,0.455270378265,0.995130814868,7
R3C4,376,9,117.884491543,239.003114787,279.679142252,239,280,-64.1781924892,84.8598618916,0.198203960756,0.978847408872,3
R3C4,377,9,117.884491543,248.489925541,83.7556799748,248,84,76.5309413629,-66.6744513489,0.672544206193,0.989832749932,4
R3C4,378,9,117.884491543,251.0,269.0,251,269,-45.838434818,-84.5749442036,0.566950086052,1.0,1
R3C4,379,9,117.884491543,261.0,260.0,261,260,-51.1903214884,83.4624356145,0.728532629303,1.0,1
R3C4,380,9,117.884491543,268.524111646,103.0,269,103,8.29014401414,58.6481054497,0.6160773488,0.998744590675,4
R3C4,381,9,117.884491543,272.758209861,107.481288691,273,107,23.5979139054,76.94142657,0.719984276934,0.998240336681,4
R3C4,382,9,117.884491543,275.791178518,112.90844595,275,113,28.7565294859,85.1080847642,0.514861941177,0.996936537893,6
R3C4,383,9,117.884491543,275.475668223,244.475668223,275,244,33.9975702449,-21.7095401937,0.403357167768,0.995600162426,2
R3C4,384,9,117.884491543,280.012231273,118.327870244,280,118,-0.636986803352,59.0374820665,0.462423988163,0.999597807679,3
R3C4,385,9,117.884491543,281.743031549,121.854084522,282,122,-4.48476145014,57.0929067937,0.378789011562,0.998308735769,3
R3C4,386,9,117.884491543,281.498910773,233.498910773,281,233,18.3332425063,-43.4653464676,0.560025325809,0.999272648582,2
R3C4,387,9,117.884491543,285.576996139,128.0,286,128,-55.7789292754,9.29284872468,0.187953228348,0.984880570716,2
R3C4,388,9,117.884491543,287.669094688,136.395660487,288,136,3.71267003832,72.9378040996,0.210233866559,0.999480616258,3
R3C4,389,9,117.884491543,291.95899406,146.697295479,292,147,-51.6178690892,23.0227171773,0.395150382223,0.999911016189,3
R3C4,390,9,117.884491543,292.070733276,206.0,292,206,70.4881810021,-5.72056362689,0.464531834163,0.998529782148,3
R3C4,391,9,117.884491543,293.502898472,202.502898472,294,203,81.6700871251,3.64730360136,0.495250093065,0.989000858812,2
R3C4,392,9,117.884491543,294.0,152.0,294,152,-47.6804515436,29.6861865211,0.517491114191,1.0,1
R3C4,393,9,117.884491543,294.954137259,190.690707305,295,191,85.7459298185,1.9388713477,0.44671485029,0.997487298397,3
R3C4,394,9,117.884491543,295.89686992,180.0,296,180,66.9215762058,-22.1065526262,0.279666371552,0.96355460829,3
R3C4,395,9,117.884491543,297.0,184.0,297,184,79.7431770063,-7.37040444987,0.283080065271,1.0,1
R3C4,396,10,125.884491543,51.925430161,185.288780257,52,185,-68.5111454643,18.1800825795,0.428644758745,0.99939940249,3
R3C4,397,10,125.884491543,54.0,188.0,54,188,-66.711646689,18.6777039924,0.214644863153,1.0,1
R3C4,398,10,125.884491543,56.9951779884,144.175347887,57,145,-88.33126117,17.2860874851,0.725529484915,0.998450565884,5
R3C4,399,10,125.884491543,59.1681092967,219.813228447,59,219,-19.546146604,51.0684763556,0.806657835414,0.999147147918,6
R3C4,400,10,125.884491543,59.9269112996,135.0,60,135,88.1221827975,18.1328559297,0.637883825665,0.999966203909,3
R3C4,401,10,125.884491543,64.8456164363,232.897253731,65,233,-23.8605664833,40.2589251526,0.757282047419,0.999186568097,7
R3C4,402,10,125.884491543,71.8761298352,244.367285095,72,244,47.4948542592,-74.5260039784,0.401211321621,0.998438789431,4
R3C4,403,10,125.884491543,75.6746566595,250.981743486,76,251,47.7929525106,-77.7047410803,0.686220213244,0.999661268995,3
R3C4,404,10,125.884491543,93.0137059413,270.660686488,93,271,43.9457328899,86.4720794508,0.386685062536,0.998663570847,3
R3C4,405,10,125.884491543,99.0,275.0,99,275,48.1308303891,87.2913380776,0.559892194694,1.0,1
R3C4,406,10,125.884491543,115.890520967,287.655494101,116,288,-57.3345630717,-27.8071071096,0.302529366078,0.915983623098,11
R3C4,407,10,125.884491543,178.46419394,303.787313549,179,304,-79.5393097973,-79.7507479158,0.471453297686,0.990301948967,9
R3C4,408,10,125.884491543,197.0,301.0,197,301,77.5670845834,68.785921849,0.755397719871,1.0,1
R3C4,409,10,125.884491543,203.0,300.0,203,300,-88.5298569472,79.8895238706,0.559470703605,1.0,1
R3C4,410,10,125.884491543,211.507142489,298.0,212,298,-74.6216626576,89.7772120811,0.796795385995,0.999922360889,2
R3C4,411,10,125.884491543,215.337040449,298.005832503,215,298,-71.0780997898,-88.360422004,0.857488501644,0.999739240626,3
R3C4,412,10,125.884491543,218.0,58.9608240543,218,59,-62.8947270596,-44.321151629,0.598428420326,0.996195251811,3
R3C4,413,10,125.884491543,218.503364614,296.0,219,296,-70.704714766,-89.6494393577,0.890142927179,0.999999678355,2
R3C4,414,10,125.884491543,221.0,61.0,221,61,-57.9318629957,-37.7524043312,0.541600456084,1.0,1
R3C4,415,10,125.884491543,226.54729592,61.8957010281,227,61,-59.3126768198,-36.6211546728,0.359479861824,0.942162043923,10
R3C4,416,10,125.884491543,226.355842275,292.94333819,226,293,-69.2411805107,87.9426765711,0.86963530695,0.997306482242,8
R3C4,417,10,125.884491543,233.742063391,290.78521414,233,291,-69.3602836399,84.3396597532,0.549199559383,0.995930854559,5
R3C4,418,10,125.884491543,234.0,64.0,234,64,68.0235977752,-85.8148357828,0.376045698744,1.0,1
R3C4,419,10,125.884491543,240.618543778,68.7260432039,241,68,47.3660904565,77.1806017859,0.757559786443,0.998758096509,8
R3C4,420,10,125.884491543,250.0,280.0,250,280,-43.5452743473,-78.7628673155,0.217639347389,1.0,1
R3C4,421,10,125.884491543,253.071332765,77.1734249831,253,77,-70.2821896844,-33.6123317251,0.462580345413,0.944302859259,6
R3C4,422,10,125.884491543,257.0,80.00516851,257,80,-56.4393293937,-17.5647858881,0.559844616992,0.995033528146,3
R3C4,423,10,125.884491543,263.0,87.0,263,87,61.8347733381,-75.1177357113,0.633204841005,1.0,1
R3C4,424,10,125.884491543,271.743663475,94.1538017613,272,94,-78.8547314128,-30.6648142716,0.320691386188,0.953148359299,4
R3C4,425,10,125.884491543,282.426272109,247.0,282,247,8.81005115078,-47.7350848492,0.213767087457,0.999362671454,2
R3C4,426,10,125.884491543,286.323281936,114.510876239,286,115,-28.9365595926,30.6885389816,0.243039161083,0.996016365067,5
R3C4,427,10,125.884491543,289.520100882,120.0,290,120,-30.7775779927,31.744129332,0.410025341701,0.998476122301,2
R3C4,428,10,125.884491543,292.014309161,125.0,292,125,-34.7969929619,30.2714609266,0.636214365575,0.99999174841,3
R3C4,429,10,125.884491543,295.915920626,134.027386636,295,134,-14.3654553748,55.1833056047,0.352651012218,0.786930753039,17
R3C4,430,10,125.884491543,298.0,145.0,298,145,-27.3798816629,47.2438670883,0.157325223129,1.0,1
R3C4,431,10,125.884491543,299.0,148.448810129,299,148,-36.4908275927,39.7847847115,0.174093274475,0.998883348723,2
R3C4,432,10,125.884491543,300.485327189,207.0,300,207,62.5465833357,-14.1331742693,0.666283079184,0.999050511665,4
R3C4,433,10,125.884491543,300.0,152.584602885,300,153,46.5518446032,-55.2158728999,0.294108535414,0.999893355095,2
R3C4,434,10,125.884491543,302.014942585,197.0,302,197,-87.9754947865,10.7349092217,0.607136872997,0.999916764395,3
R3C4,435,10,125.884491543,302.565540173,161.963230069,302,162,63.8405085904,-33.495490764,0.271048619139,0.838827129629,8
R3C4,436,10,125.884491543,304.241226181,182.753960469,304,183,-89.6882637508,2.46834731065,0.525778838175,0.998977141138,4
R3C4,437,11,133.884491543,43.9367023053,185.0,44,185,-85.3017504026,1.70931394637,0.603618753549,0.999388978662,3
R3C4,438,11,133.884491543,48.5678072906,144.730440618,49,145,-75.7057649871,28.709608361,0.662463462837,0.999927861607,4
R3C4,439,11,133.884491543,51.0099503681,136.0,51,136,-79.1298026315,29.1710337441,0.80828918664,0.998750152179,3
R3C4,440,11,133.884491543,52.4985680154,224.0,52,224,-41.5140565853,28.3565587657,0.583712704413,0.997691384859,2
R3C4,441,11,133.884491543,56.0251570082,231.606873038,56,232,-24.8569739286,41.4179586785,0.616624335307,0.998953888593,5
R3C4,442,11,133.884491543,61.5523865472,243.762260108,62,244,-39.7148977534,20.8300835977,0.387222559321,0.995472579694,8
R3C4,443,11,133.884491543,66.5807659207,252.147644193,67,252,29.1944138157,85.5513100736,0.21232154178,0.861618866202,3
R3C4,444,11,133.884491543,71.6962447863,259.373821871,72,260,44.1116181191,-83.3218592883,0.35339619347,0.903322478244,7
R3C4,445,11,133.884491543,75.8584421385,264.828653006,76,265,14.1665138273,63.7992650206,0.403867273913,0.840134893828,6
R3C4,446,11,133.884491543,78.0,268.0,78,268,-1.29876483779,46.7140226664,0.619435723487,1.0,1
R3C4,447,11,133.884491543,91.9163246294,279.820783735,92,280,52.6372156997,-87.1501670522,0.357392386727,0.993349702278,5
R3C4,448,11,133.884491543,105.0,291.00911878,105,291,-64.1516585201,-31.2905902781,0.667999733102,0.999645496585,3
R3C4,449,11,133.884491543,108.481437924,292.0,108,292,-67.8978034863,-36.5224657093,0.675956000206,0.999892577423,4
R3C4,450,11,133.884491543,112.0,293.0,112,293,-64.7308642915,-34.8787880223,0.6364556069,1.0,1
R3C4,451,11,133.884491543,173.578883455,312.186231336,174,312,-27.2173532783,-25.3302765227,0.442248260842,0.993981682301,3
R3C4,452,11,133.884491543,218.771058794,49.9447594735,219,49,-72.86681492,-55.2060424788,0.68274671059,0.997031645813,11
R3C4,453,11,133.884491543,227.0,53.4564662541,227,53,-63.9362676618,-42.4597693271,0.557418142086,0.999992515148,4
R3C4,454,11,133.884491543,230.696954504,55.2596492305,231,55,-57.7842573437,-34.5486272531,0.223095072123,0.997732926129,4
R3C4,455,11,133.884491543,234.585676036,58.0,235,58,60.3195416378,85.5656363598,0.197301997438,0.995707973359,2
R3C4,456,11,133.884491543,235.598819917,56.0,236,56,39.016112833,64.289114987,0.206683072863,0.999752797626,2
R3C4,457,11,133.884491543,242.156308209,60.2758788529,242,60,48.2456099573,76.8347415221,0.621007648726,0.997300841318,8
R3C4,458,11,133.884491543,243.037039224,294.715350347,243,294,-89.5644805383,61.3077515967,0.750151295047,0.988261386789,7
R3C4,459,11,133.884491543,250.305257573,65.0,250,65,42.9805162525,75.5944560626,0.287772296065,0.999089762633,2
R3C4,460,11,133.884491543,251.200572161,290.753859993,251,291,-65.1643513707,81.8437415137,0.433247052,0.998072573792,5
R3C4,461,11,133.884491543,254.774345514,69.2277006957,255,69,-47.2462579118,-12.0308099598,0.486119408782,0.995538457261,5
R3C4,462,11,133.884491543,254.0,290.0,254,290,-50.8408769193,-85.000571465,0.29641591554,1.0,1
R3C4,463,11,133.884491543,258.504801663,71.4951983373,259,71,-37.7630116242,-0.678122721386,0.618217176521,0.99999633861,2
R3C4,464,11,133.884491543,279.491451909,91.0,279,91,-50.921517107,-1.52519614142,0.601007706331,0.997112839318,2
R3C4,465,11,133.884491543,286.489844107,99.4401542847,286,99,4.95700348761,59.0478920838,0.583412582123,0.854903755394,12
R3C4,466,11,133.884491543,287.0,256.668421781,287,257,3.59859770231,-50.5823394467,0.336735120265,0.995412411024,4
R3C4,467,11,133.884491543,292.213098294,107.786901706,292,108,31.2415376853,89.6601991543,0.411570723449,0.998139756513,3
R3C4,468,11,133.884491543,293.044152656,246.686107297,293,247,77.4856718415,18.3246166826,0.527926023981,0.989459741148,3
R3C4,469,11,133.884491543,294.128807726,110.871192274,294,111,5.77897920847,65.748716051,0.22370055606,0.885804049865,3
R3C4,470,11,133.884491543,298.448997881,119.070185323,299,119,-48.8917683277,15.0379851624,0.458069904068,0.991375821659,8
R3C4,471,11,133.884491543,303.0,223.007398072,303,223,8.69224451088,-61.5058772204,0.407346710715,0.991970395538,3
R3C4,472,11,133.884491543,304.947707742,220.0,305,220,20.6484461283,-51.0450204348,0.356779349936,0.999572434587,3
R3C4,473,11,133.884491543,308.586582115,206.557621953,309,206,63.3183761755,-14.3459671205,0.426710100697,0.858081212095,20
R3C4,474,11,133.884491543,311.104880099,160.274680508,311,160,-62.7414951871,19.6731653522,0.530617076044,0.999196319151,3
R3C4,475,11,133.884491543,311.39301691,167.17948751,311,167,-73.3086172906,12.0538443714,0.280458481484,0.996445758203,4
R3C4,476,11,133.884491543,310.498777861,195.0,310,195,-82.2920285052,15.0192518792,0.520353195539,0.99981850543,2
R3C4,477,11,133.884491543,311.0,176.0,311,176,-89.5557668384,-0.417292572937,0.280476846467,1.0,1
R3C4,478,12,141.884491543,35.8120580421,185.232576218,36,185,88.8574606905,-4.05445462476,0.563235137498,0.999805061964,4
R3C4,479,12,141.884491543,44.9971029703,228.00289703,45,228,-56.0721045792,13.3239719656,0.656739619614,0.999940770199,3
R3C4,480,12,141.884491543,47.0,232.447715229,47,232,-50.1188723861,17.3118223479,0.46123063282,0.996066580447,4
R3C4,481,12,141.884491543,51.0,238.985046415,51,239,-38.8873645153,25.4624466572,0.534242137903,0.999851263473,3
R3C4,482,12,141.884491543,57.8094178091,252.680076112,58,252,-4.35652903057,53.7888375147,0.557240595964,0.968999289235,16
R3C4,483,12,141.884491543,75.6630555374,276.007797152,76,276,-10.9023044016,35.3355782241,0.840523890266,0.999811216105,3
R3C4,484,12,141.884491543,101.503491909,297.496508091,102,297,-51.5876558228,-18.9620377884,0.674838162776,0.99911110054,2
R3C4,485,12,141.884491543,171.0,319.0,171,319,-30.6043351089,-27.7621972252,0.459555801816,1.0,1
R3C4,486,12,141.884491543,211.402558988,39.8815422793,211,40,22.6763626702,36.2717333072,0.252845186839,0.978577390883,3
R3C4,487,12,141.884491543,235.257582395,48.4888606196,235,48,10.2474833266,34.0979668704,0.403116316409,0.998190099227,4
R3C4,488,12,141.884491543,253.0,299.018099233,253,299,-63.1454373446,85.0663284477,0.781039396891,0.999858588941,3
R3C4,489,12,141.884491543,262.738789863,64.3374894293,264,64,-57.3908074091,-20.685180537,0.768616271776,0.996737197493,8
R3C4,490,12,141.884491543,289.052601619,89.783002693,289,90,-14.2332747001,37.3041051886,0.509178177024,0.992616045776,8
R3C4,491,12,141.884491543,299.033308243,251.767629597,299,252,58.100094488,-0.538347585766,0.637123621932,0.999246117069,6
R3C4,492,12,141.884491543,306.0,120.0,306,120,-38.4283065832,27.1952248001,0.440128308251,1.0,1
R3C4,493,12,141.884491543,309.092060172,231.916655015,310,232,15.2008165184,-52.4423821331,0.455710833566,0.996107731095,8
R3C4,494,12,141.884491543,313.338305265,220.146922333,313,220,30.2631347674,-42.4392832798,0.447399327969,0.99229061987,8
R3C4,495,12,141.884491543,317.949375218,156.050624782,318,156,-60.6434233151,20.4430354292,0.688121557809,0.999989304238,3
R3C4,496,12,141.884491543,317.988260125,201.0,318,201,76.1124416099,-4.55725009989,0.623494138882,0.997095975462,3
R3C4,497,12,141.884491543,318.975252813,163.643030684,319,164,-74.2347496259,9.95027599481,0.437090251285,0.98042586812,3
R3C4,498,12,141.884491543,320.092219755,168.623100207,320,169,85.8460741209,-7.92949442208,0.44255541376,0.999406666167,3
R3C4,499,13,149.884491543,27.8393933267,184.622264382,27,185,79.0510581786,-13.4741187622,0.507540198999,0.999400534198,6
R3C4,500,13,149.884491543,57.0,265.99389579,57,266,-16.9398027184,37.0347144577,0.898234022388,0.999979202033,3
R3C4,501,13,149.884491543,73.2547474376,285.483988959,73,285,-11.0803776325,33.1802834999,0.831341711356,0.999931056581,4
R3C4,502,13,149.884491543,95.0,302.48573954,95,302,-47.16599894,-13.4729022056,0.483275311936,0.998372627367,2
R3C4,503,13,149.884491543,178.0,28.0187646776,178,28,-89.7525106617,-89.7525106617,0.687175544536,0.999993374159,3
R3C4,504,13,149.884491543,193.210246129,28.2855439826,193,28,72.007753877,77.8088168627,0.59157592538,0.970670282228,18
R3C4,505,13,149.884491543,205.0,32.0,205,32,47.8003476169,58.2777712129,0.387804112021,1.0,1
R3C4,506,13,149.884491543,210.0,33.0,210,33,24.485806266,36.9309094628,0.467611352792,1.0,1
R3C4,507,13,149.884491543,216.064968955,32.3696191217,216,32,30.7979803524,45.4462700654,0.604798819483,0.996502736419,8
R3C4,508,13,149.884491543,233.0,38.4803596586,233,38,-2.77614164416,18.7386998371,0.740931543743,0.999380771608,4
R3C4,509,13,149.884491543,252.573588449,308.30512367,253,308,-74.7940860222,75.4234190947,0.478619903875,0.993026134416,4
R3C4,510,13,149.884491543,273.852099578,62.7826389359,274,63,-78.6174451719,-38.8595587459,0.631725930719,0.997570462057,5
R3C4,511,13,149.884491543,291.339492749,80.4934423528,291,80,12.1332657962,61.4276833753,0.300593765298,0.973493134459,6
R3C4,512,13,149.884491543,305.0,255.0,305,255,80.4732094445,21.7016097274,0.337919552238,1.0,1
R3C4,513,13,149.884491543,310.278346369,247.357004302,310,247,23.7136525472,-38.6171467894,0.335387235284,0.903632171823,15
R3C4,514,13,149.884491543,314.369197373,239.069776714,314,239,-30.9399710964,83.1841415246,0.24808641759,0.992467017874,3
R3C4,515,13,149.884491543,317.0,237.0,317,237,-54.7167356134,58.2825660361,0.369240097909,1.0,1
R3C4,516,13,149.884491543,318.572263408,231.0,319,231,-70.3466316287,40.3113303696,0.238674766458,0.999996576914,2
R3C4,517,13,149.884491543,320.928343384,224.0,321,224,16.2943949044,-55.8653741279,0.309774099465,0.999571579395,3
R3C4,518,13,149.884491543,323.298713513,142.0,323,142,-2.93323668697,73.1510825698,0.476066213398,0.999988117578,4
R3C4,519,13,149.884491543,323.988754883,212.476551688,324,212,38.5733474632,-38.1391896176,0.6393159795,0.994654257503,5
R3C4,520,13,149.884491543,324.0,139.0,324,139,-12.5458175659,62.498342504,0.565706830222,1.0,1
R3C4,521,13,149.884491543,325.0,147.515305876,325,148,41.3401808664,-60.3756862788,0.227067914629,0.989175191859,2
R3C4,522,13,149.884491543,326.080115073,203.790615143,326,204,74.8401833664,-5.27990721009,0.269742649243,0.960120312611,4
R3C4,523,13,149.884491543,327.551723894,165.622927507,328,166,-89.3839487877,-4.11503128318,0.648303503325,0.999708782497,7
R3C4,524,14,157.884491543,54.0,276.02197413,54,276,-9.63482742113,42.0388094176,0.936956441573,0.999891456311,5
R3C4,525,14,157.884491543,71.0318727397,293.314575165,71,293,-25.8437174812,17.005905202,0.577095192795,0.99730253245,3
R3C4,526,14,157.884491543,213.40634453,24.0883003056,213,24,56.838294634,69.793411576,0.195800726754,0.875656603293,3
R3C4,527,14,157.884491543,234.335684508,30.0034254858,234,30,5.3472107235,26.1868043531,0.574436386161,0.997734326673,3
R3C4,528,14,157.884491543,249.597852373,317.402147627,250,317,-73.031100013,79.7835720155,0.188930048225,0.988496460626,2
R3C4,529,14,157.884491543,252.50201651,317.50201651,253,318,-79.9677009359,71.9275447204,0.294445431967,0.999891877202,2
R3C4,530,14,157.884491543,285.0,60.0,285,60,11.1219907998,53.3230922862,0.190245962851,1.0,1
R3C4,531,14,157.884491543,290.0,66.5823849139,290,67,28.5947707748,73.7441239134,0.274287682674,0.998358390738,4
R3C4,532,14,157.884491543,295.95570637,73.5811541591,296,74,24.8453199077,73.3288527572,0.398774453981,0.996919986285,5
R3C4,533,14,157.884491543,317.355395303,252.133809482,317,252,10.823774619,-51.1642929066,0.405774070431,0.997415542491,5
R3C4,534,14,157.884491543,322.698506488,241.129032532,322,241,-57.7671731128,55.8034968594,0.652017858424,0.999486403942,9
R3C4,535,14,157.884491543,326.038810416,232.0,326,232,-56.5231740869,53.5172384907,0.633631652573,0.99790360003,3
R3C4,536,14,157.884491543,332.410920175,145.705023521,333,146,80.5156859226,-21.2974168498,0.453448908278,0.999961044208,4
R3C4,537,14,157.884491543,332.161829314,214.592541277,332,215,21.1977508197,-55.4493815031,0.453950781431,0.991609221957,12
R3C4,538,14,157.884491543,334.57785521,198.303450042,335,198,-72.4106002574,24.9777175488,0.381427915043,0.890853484339,11
R3C4,539,14,157.884491543,335.067229503,162.0,335,162,-46.938861903,37.2446408097,0.515394220904,0.995631076438,3
R3C4,540,14,157.884491543,335.507600053,168.564663281,336,169,-58.0830572776,28.4887925321,0.472743442353,0.987385221901,9
R3C4,541,14,157.884491543,334.0,189.513124069,334,190,88.0565834797,2.27747874878,0.334242259339,0.999987049532,2
R3C4,542,14,157.884491543,335.0,155.0,335,155,-29.785412824,51.8802226586,0.165121634093,1.0,1
R3C4,543,15,165.884491543,51.8001517354,285.924617292,51,286,-7.7282326113,41.7350971434,0.845748271928,0.997205676169,5
R3C4,544,15,165.884491543,215.062654178,15.9373458225,215,16,-74.144506633,-61.2628655375,0.373535274992,0.99987998809,3
R3C4,545,15,165.884491543,233.252456317,21.718792441,232,22,3.15093007086,22.6217288465,0.578237327865,0.975066629179,7
R3C4,546,15,165.884491543,238.0,22.0,238,22,-10.7942355713,10.2432754541,0.722657108454,1.0,1
R3C4,547,15,165.884491543,241.154615409,331.002325707,241,330,-82.4929490131,75.0777338861,0.366131993928,0.98190414211,10
R3C4,548,15,165.884491543,261.553100506,321.830388245,262,322,-69.8717017604,79.9753902302,0.408921282996,0.997695017249,6
R3C4,549,15,165.884491543,280.0,47.5077141886,280,48,21.1754089687,59.1885626108,0.276152055189,0.998220799479,4
R3C4,550,15,165.884491543,287.0,53.0281123134,287,53,26.9949637322,68.0897756387,0.364487996901,0.996835485985,3
R3C4,551,15,165.884491543,320.0,263.421005281,320,263,7.96380545833,-51.006914109,0.837054683365,0.998338385227,6
R3C4,552,15,165.884491543,327.101810323,250.562640267,327,250,-43.7798254855,72.1707424911,0.386206955872,0.952970642992,4
R3C4,553,15,165.884491543,329.322553546,244.98199072,329,245,-49.6963952588,64.1798846504,0.784781557694,0.999871032891,3
R3C4,554,15,165.884491543,333.667387899,237.007991255,334,237,-47.0722307621,63.6877122026,0.63430257574,0.999744349914,3
R3C4,555,15,165.884491543,334.832030857,230.500086506,335,230,-35.8243457648,72.683809446,0.368549199321,0.993588118178,8
R3C4,556,15,165.884491543,335.547715622,124.0,336,124,-13.6294831266,57.4511963684,0.509307440967,0.997287850316,2
R3C4,557,15,165.884491543,337.186475365,127.239223349,337,127,-13.5436979804,58.7700580069,0.369524745852,0.99817266797,4
R3C4,558,15,165.884491543,337.999272672,135.876424795,338,136,61.1119556849,-43.6378039141,0.322314951567,0.994424673351,4
R3C4,559,15,165.884491543,340.265065126,143.770006825,341,144,53.1133820457,-48.7985791404,0.368082485316,0.973199027409,13
R3C4,560,15,165.884491543,340.161738869,213.0,340,213,74.5489178597,-3.27154203364,0.392101336469,0.997705853483,3
R3C4,561,15,165.884491543,341.0,154.082916998,341,154,-28.2218650918,53.4306590363,0.339246609441,0.967120548511,6
R3C4,562,15,165.884491543,342.324043499,201.687114638,342,202,82.1286594096,0.331275311818,0.512560670204,0.996960444293,11
R3C4,563,15,165.884491543,342.992099098,159.338478456,343,159,-35.2789824477,48.2679714935,0.617635587608,0.998378843051,3
R3C4,564,15,165.884491543,343.877382301,172.213162394,344,172,-55.6925318837,32.3094442977,0.622842308026,0.988015473423,17
R3C4,565,16,173.884491543,220.0,10.0,220,10,70.6953026737,84.7315461416,0.153805788805,1.0,1
R3C4,566,16,173.884491543,228.316747373,11.5942771959,228,12,18.419086695,35.2430331513,0.483688650625,0.995951186819,7
R3C4,567,16,173.884491543,235.0,342.490514605,235,342,-46.7503431613,-65.8627995879,0.598345424972,0.999218996507,2
R3C4,568,16,173.884491543,237.0,14.4965155826,237,14,-5.1250640904,14.7168423953,0.741960111545,0.999336345333,4
R3C4,569,16,173.884491543,273.534657431,323.534657431,274,324,-42.1416096507,-75.4240750492,0.336934149135,0.998528150943,2
R3C4,570,16,173.884491543,329.554563738,92.0,330,92,48.2333129074,-71.3395343762,0.198386343057,0.996647756665,2
R3C4,571,16,173.884491543,332.844767693,256.595890616,333,257,20.515334085,-42.5732913286,0.338984153967,0.991857328257,3
R3C4,572,16,173.884491543,342.495863399,120.0,342,120,-13.4381168722,57.1396174103,0.826927984688,0.999915347429,2
R3C4,573,16,173.884491543,343.9801837,125.0,344,125,-15.6480002202,56.6429254066,0.649784124579,0.997706545304,3
R3C4,574,16,173.884491543,344.51431947,128.48568053,345,128,-24.1795577027,49.2601898049,0.499980233379,0.999912544811,2
R3C4,575,16,173.884491543,345.924603517,133.0,346,133,-25.6897862544,49.3087054139,0.21604203869,0.996163231074,3
R3C4,576,16,173.884491543,346.392160965,135.607839035,346,136,11.7523203363,87.6219272398,0.193980467194,0.982743769757,2
R3C4,577,16,173.884491543,346.985454854,219.662593916,347,220,52.4958127957,-23.6543831002,0.598037438309,0.999706867099,3
R3C4,578,16,173.884491543,348.354129835,144.867516502,348,145,7.00233601104,85.9961800606,0.42670521903,0.94480983832,10
R3C4,579,16,173.884491543,347.994271439,215.0,348,215,70.2102928272,-7.51054057881,0.586574955402,0.996636402275,3
R3C4,580,16,173.884491543,350.02057285,201.677661008,350,202,79.8881753018,-2.27463081585,0.844232294681,0.999993990037,3
R3C4,581,16,173.884491543,350.798443771,158.422116367,351,158,-21.7025471058,61.8334653839,0.623288501482,0.96590339915,10
R3C4,582,17,181.884491543,222.788720037,1.18737237165,223,1,15.8859675765,30.1006601792,0.888107997278,0.999769177072,5
R3C4,583,17,181.884491543,232.246574019,4.50440958045,232,5,8.95943812329,26.3222481244,0.597210929063,0.999317147136,4
R3C4,584,17,181.884491543,237.426847237,6.39966892092,238,6,-5.35584756451,13.7456147629,0.673846800034,0.99859995967,5
R3C4,585,17,181.884491543,239.917732968,348.917732968,240,349,-36.9201732691,-56.8339176697,0.333908110893,0.997628935244,3
R3C4,586,17,181.884491543,245.0,347.04309773,245,347,-36.3149934697,-57.9358243284,0.262356886762,0.992928281348,3
R3C4,587,17,181.884491543,279.493301274,329.493301274,279,329,-55.1003928729,-88.9205958698,0.358975410337,0.995895492665,2
R3C4,588,17,181.884491543,333.750369509,86.1330140223,334,86,37.6943167272,-82.8392658622,0.24160473002,0.986963031653,3
R3C4,589,17,181.884491543,338.983284648,92.7882007051,339,93,59.0027421329,-58.8904573547,0.469689199436,0.999485661434,5
R3C4,590,17,181.884491543,344.463482196,103.144907029,345,103,2.81515709178,68.6027196023,0.457927386168,0.790247484719,12
R3C4,591,17,181.884491543,346.0,112.0,346,112,-26.1785631879,42.373700485,0.670037847229,1.0,1
R3C4,592,17,181.884491543,348.932512582,116.808934349,349,117,-20.7037392256,49.5997175437,0.61031925555,0.998880620653,9
R3C4,593,17,181.884491543,353.0,223.0,353,223,64.4734265145,-11.1058003579,0.368108944809,1.0,1
R3C4,594,17,181.884491543,355.0,214.0,355,214,-87.6614246644,13.8351383532,0.824420111259,1.0,1
R3C4,595,18,189.884491543,283.0,337.009094834,283,337,-45.9300503053,-79.3684125189,0.265704926365,0.99744814836,3
R3C4,596,18,189.884491543,345.0,90.0,345,90,52.0613738949,-65.7254399728,0.172378974361,1.0,1
R3C4,597,18,189.884491543,347.0,91.0,347,91,-6.67048363662,56.0904282883,0.262964719996,1.0,1
R3C4,598,18,189.884491543,354.335977896,106.993982678,354,107,-36.7431453514,31.3234614068,0.7769106543,0.998840856604,3
R3C4,599,19,197.884491543,283.259144529,345.472236387,283,345,-45.6534042943,-77.8034632884,0.258400272364,0.9954619667,4
R3C4,600,19,197.884491543,355.004618821,90.3771368333,355,90,-20.5997512934,43.0633887845,0.534567506588,0.990649212678,5
R3C4,601,20,205.884491543,285.0,353.507980475,285,354,-68.3308256997,80.3002295168,0.372476449503,0.998975250096,2
R4C6,0,0,41.746715295,87.0,134.0,87,134,54.2872417476,-41.0273039223,0.283661813161,1.0,1
R4C6,1,0,41.746715295,88.0,120.0,88,120,-80.8102167029,22.5822810508,0.307657050038,1.0,1
R4C6,2,0,41.746715295,90.0262386168,118.0,90,118,-85.7125032668,20.99709143,0.468323065449,0.993655513789,3
R4C6,3,0,41.746715295,89.4226837467,124.135028525,89,124,58.9187893866,-22.8567404987,0.200778169282,0.972752558793,3
R4C6,4,0,41.746715295,89.0,130.0,89,130,50.832847493,-39.167152507,0.351416522421,1.0,1
R4C6,5,0,41.746715295,89.5472940399,137.0,90,137,68.2169516206,-31.6003826808,0.225748804183,0.998871073764,2
R4C6,6,0,41.746715295,91.0,141.0,91,141,-87.7193377521,-13.4705114156,0.173327009032,1.0,1
R4C6,7,0,41.746715295,93.4173888019,149.978734847,93,150,-81.1867499662,-19.8268750756,0.5667201332,0.995837977254,9
R4C6,8,0,41.746715295,101.0,160.410238056,101,160,-64.2709369417,-20.6307281243,0.447602775175,0.984278023788,4
R4C6,9,0,41.746715295,102.587992187,98.5916137692,102,99,24.3816375877,-16.7315427729,0.707926429533,0.999621713229,5
R4C6,10,0,41.746715295,103.414658325,163.414658325,103,163,-48.5701789439,-10.0637498433,0.270143494116,0.999301945965,2
R4C6,11,0,41.746715295,110.0,167.573979609,110,168,72.7760570792,-79.1983179157,0.239712548206,0.994339016853,2
R4C6,12,0,41.746715295,113.747263826,168.505288388,114,169,84.3481395358,-72.7676894242,0.176095819688,0.916503129339,4
R4C6,13,0,41.746715295,121.421416275,170.157364998,121,170,-17.6706643808,-5.61215190001,0.1941871467,0.980598427471,6
R4C6,14,0,41.746715295,125.0,172.0,125,172,-39.7820203644,-32.99304579,0.198923818436,1.0,1
R4C6,15,0,41.746715295,129.0,88.4744275932,129,88,88.8548559927,87.4753516446,0.41054225351,0.999593868872,2
R4C6,16,0,41.746715295,131.174246729,172.174246729,131,172,-72.312192707,-73.9070523571,0.408349973548,0.996480813787,3
R4C6,17,0,41.746715295,136.66695706,89.0000274332,137,89,54.5358555695,63.7718160951,0.468853951272,0.999964559727,3
R4C6,18,0,41.746715295,136.0,171.051652096,136,171,-72.4759309659,-80.7912523456,0.540230679497,0.998882735849,3
R4C6,19,0,41.746715295,139.0,171.032736855,139,171,-72.0021424194,-84.3733259641,0.557724099237,0.999785428046,3
R4C6,20,0,41.746715295,146.0,168.4641896,146,168,-54.1984775638,-76.7843876135,0.249098985764,0.999367482956,4
R4C6,21,0,41.746715295,161.629190437,156.246689956,161,156,5.14718842942,-45.1660790058,0.293498292926,0.400603037712,34
R4C6,22,0,41.746715295,155.46416372,96.9823695518,155,97,-7.20698788827,30.4334739432,0.390465004782,0.997403878853,7
R4C6,23,0,41.746715295,160.680272852,102.398156318,161,102,-5.17622347848,42.8472982361,0.317901842429,0.995268868878,8
R4C6,24,0,41.746715295,167.580423356,112.420789201,168,113,-4.37508361472,60.5558632263,0.607965915022,0.999514063485,7
R4C6,25,0,41.746715295,168.0,116.0,168,116,-6.58477841756,63.1903621513,0.737251367601,1.0,1
R4C6,26,0,41.746715295,171.163404955,136.95014591,171,137,23.5483219915,-56.8680834983,0.672106498756,0.993998068554,6
R4C6,27,0,41.746715295,171.0,129.498248765,171,129,27.6803086122,-63.0208326829,0.804727069832,0.999155810276,4
R4C6,28,1,49.746715295,80.5218603458,131.791896857,81,132,76.3314321709,-15.7426813048,0.366696161916,0.975765260688,11
R4C6,29,1,49.746715295,86.984058887,154.340735703,87,154,-74.9754300396,-14.4789484596,0.573537276948,0.999714688547,3
R4C6,30,1,49.746715295,87.0,152.0,87,152,-74.9107189395,-12.0062714333,0.558547784298,1.0,1
R4C6,31,1,49.746715295,98.1228532926,167.843693874,98,168,-77.114269745,-37.0055917583,0.503635515552,0.995525511771,6
R4C6,32,1,49.746715295,100.0,91.033222159,100,91,27.1025801669,-10.4896117212,0.698918059928,0.999599771777,3
R4C6,33,1,49.746715295,109.259603827,174.706631817,109,175,47.9357590978,72.8233882228,0.434860183204,0.993061531705,4
R4C6,34,1,49.746715295,113.480602186,176.874105365,113,177,21.5608146588,40.9743194722,0.303439255235,0.953691261086,7
R4C6,35,1,49.746715295,118.636236968,178.710417649,119,179,-27.2231159485,-14.0913259126,0.369035297542,0.97734051216,4
R4C6,36,1,49.746715295,124.764938625,179.545970315,125,180,-48.6369394076,-42.6054071217,0.588466624256,0.999036127313,4
R4C6,37,1,49.746715295,135.301037113,179.174188622,136,179,-49.5933012942,-55.74609508,0.435831460895,0.988945554864,9
R4C6,38,1,49.746715295,134.474865533,80.4471084426,134,80,81.0585012889,86.218590611,0.364839251664,0.978354735966,4
R4C6,39,1,49.746715295,143.521767042,178.337609784,143,178,-26.5828537439,-42.2110700016,0.195865294231,0.860988931946,5
R4C6,40,1,49.746715295,152.002929153,174.752011213,152,174,-72.8250656653,80.9932742717,0.230278183688,0.998913391535,8
R4C6,41,1,49.746715295,158.0,170.0,158,170,-65.1018450298,79.9061347716,0.171672043416,1.0,1
R4C6,42,1,49.746715295,162.817455061,167.16033436,163,167,16.6293781565,-24.819353152,0.314177544873,0.99845762977,4
R4C6,43,1,49.746715295,168.115885319,97.4266426442,168,98,-49.6629924462,-0.179777154957,0.200355543125,0.999824235105,4
R4C6,44,1,49.746715295,172.435249301,103.877618579,173,104,-20.1326730129,38.2516169113,0.276547055402,0.982404414609,5
R4C6,45,1,49.746715295,174.796426536,151.629047749,175,152,39.1178234266,-25.1095435758,0.584091365237,0.99743295397,9
R4C6,46,1,49.746715295,175.92833954,110.0,176,110,-3.68095952209,62.7877941355,0.567198543208,0.999912156693,3
R4C6,47,1,49.746715295,177.720222283,141.740419059,178,142,17.8917205919,-58.2865310715,0.573180807825,0.997641286605,4
R4C6,48,1,49.746715295,178.931585064,139.0,179,139,14.5312412762,-65.0468142536,0.532312600168,0.999901799499,3
R4C6,49,1,49.746715295,179.0,132.0,179,132,8.56226558402,-79.1004285569,0.303510943831,1.0,1
R4C6,50,2,57.746715295,72.035524995,133.0,72,133,87.8128035411,-5.14994404558,0.467456645037,0.996857232654,3
R4C6,51,2,57.746715295,77.9894089045,154.0,78,154,-87.88377685,-22.6544779808,0.512961723295,0.997211125897,3
R4C6,52,2,57.746715295,78.9923995831,157.669620869,79,158,89.3004764979,-29.1776168457,0.496203136217,0.996422650366,3
R4C6,53,2,57.746715295,90.0238703822,171.0,90,171,-69.9511711178,-25.6755861523,0.413492981508,0.995473698712,3
R4C6,54,2,57.746715295,95.5179221262,83.5179221262,96,84,34.3398644414,-2.22948937547,0.328967826941,0.998953079686,2
R4C6,55,2,57.746715295,101.483510992,79.4835109916,101,79,34.4676459616,5.02297741287,0.610096308843,0.999484080556,2
R4C6,56,2,57.746715295,109.0,183.0,109,183,4.72663644086,26.3414153836,0.343519635094,1.0,1
R4C6,57,2,57.746715295,116.358170961,185.962106453,116,186,-35.8471193274,-22.1473725238,0.304185138432,0.998535649416,3
R4C6,58,2,57.746715295,135.0,187.982055547,135,188,-14.7263721975,-19.6549994914,0.398762179973,0.99863395749,3
R4C6,59,2,57.746715295,141.52554321,73.4744567903,142,73,46.510236917,58.0348518888,0.355105358101,0.999145328591,2
R4C6,60,2,57.746715295,145.861319174,185.854954062,146,185,25.6990115218,9.84587735073,0.640959748586,0.999555495053,5
R4C6,61,2,57.746715295,165.553973895,175.83857577,166,176,5.87825583918,-31.9201285878,0.72307954768,0.992286048086,17
R4C6,62,2,57.746715295,178.34289571,161.018615426,178,161,59.4483629862,2.13411634332,0.751085329811,0.999356357716,3
R4C6,63,2,57.746715295,180.524739169,102.981360075,181,103,-65.9269500463,-4.06306604146,0.707555092861,0.9986472338,6
R4C6,64,2,57.746715295,181.012476604,157.0,181,157,54.0471537626,-8.06137023488,0.7223195468,0.999925995289,3
R4C6,65,2,57.746715295,186.644692479,142.0,187,142,63.7315055314,-14.3074054721,0.360418793438,0.9916845905,4
R4C6,66,2,57.746715295,188.0,137.55550148,188,138,81.234758776,-1.34327083832,0.266899858708,0.991516705711,2
R4C6,67,3,65.746715295,64.940584881,139.172745229,65,139,-47.196704299,34.7780446647,0.494904459887,0.98466462678,10
R4C6,68,3,65.746715295,68.6990129479,154.32327715,69,154,80.7107561605,-30.9316510136,0.386476826753,0.999110569405,6
R4C6,69,3,65.746715295,72.7976296204,96.6896887828,73,96,-49.301393673,70.9118749306,0.471988030785,0.962398429738,8
R4C6,70,3,65.746715295,85.6180871923,81.3205913484,86,82,-68.7178944398,68.9260994919,0.416227286791,0.985984795949,8
R4C6,71,3,65.746715295,84.0131867332,176.986813267,84,177,-56.557153037,-12.1733876872,0.492965450314,0.999718030841,3
R4C6,72,3,65.746715295,97.6580871818,72.9857815727,98,73,33.8805985562,4.31606960697,0.693989611968,0.999734952141,3
R4C6,73,3,65.746715295,112.0,192.0,112,192,-30.335189944,-14.145983687,0.283501392512,1.0,1
R4C6,74,3,65.746715295,138.393126591,195.147796944,138,195,-18.5302829617,-25.8713808553,0.581778995004,0.990658826546,9
R4C6,75,3,65.746715295,142.264097393,65.5159994416,142,65,39.7380174933,50.5063927809,0.561304885384,0.998397864733,4
R4C6,76,3,65.746715295,150.0,192.96633585,150,193,22.144318771,4.52290709674,0.719175272171,0.999518814838,3
R4C6,77,3,65.746715295,155.0,192.0,155,192,17.2430323273,-4.71753169283,0.645409728021,1.0,1
R4C6,78,3,65.746715295,159.753425617,188.500832322,160,189,13.2713664462,-13.6864461324,0.769767735095,0.998965049496,4
R4C6,79,3,65.746715295,166.512891025,184.337737054,167,184,6.19446209336,-27.7051362251,0.880099850854,0.998627267282,6
R4C6,80,3,65.746715295,184.0,92.561432027,184,93,-59.7878758933,-4.52170927288,0.892491688384,0.999897043828,6
R4C6,81,3,65.746715295,187.004524926,97.6643560131,187,98,-58.7437383337,1.69231831193,0.926890997091,0.999508589733,3
R4C6,82,3,65.746715295,187.963506322,161.007728213,188,161,52.5668639645,-9.28846648153,0.621963354742,0.993589082994,7
R4C6,83,3,65.746715295,192.851006725,111.691549476,193,111,69.2639429842,-36.9768583141,0.451171898518,0.995235854333,5
R4C6,84,3,65.746715295,194.007576266,144.336850248,194,144,64.4360304442,-12.9388544978,0.667949668398,0.998711734732,3
R4C6,85,4,73.746715295,59.4996716398,149.868890588,60,150,-48.5793419009,25.681392698,0.396796131067,0.991145881673,6
R4C6,86,4,73.746715295,60.6683608251,103.997202758,61,104,-67.2972619289,43.2612701904,0.676761936463,0.999644231413,3
R4C6,87,4,73.746715295,61.0060603608,155.0,61,155,-71.8840129187,-1.8020307769,0.176254017546,0.92733662062,3
R4C6,88,4,73.746715295,67.7339807947,90.4597077687,68,90,-44.0106736914,78.4057720428,0.442571500726,0.85101810336,14
R4C6,89,4,73.746715295,74.8199419833,81.5694038388,75,82,-23.4208261306,-72.1479529786,0.407602963187,0.998957964235,3
R4C6,90,4,73.746715295,78.3997903732,76.7330488919,78,77,-31.4467279451,-75.5361548768,0.38292059285,0.987245986591,10
R4C6,91,4,73.746715295,90.3755575391,68.2475112264,90,69,30.6568582454,-2.03003152156,0.841276761624,0.998037869345,8
R4C6,92,4,73.746715295,134.761880756,56.5242640138,135,57,37.635788346,41.3438783512,0.488131537848,0.997292957324,4
R4C6,93,4,73.746715295,136.0,202.970591704,136,203,-20.7773800366,-25.4779457123,0.702958117006,0.999716428049,3
R4C6,94,4,73.746715295,139.680596732,202.977152251,140,203,-17.3886514895,-24.944960122,0.809654986647,0.999711908683,3
R4C6,95,4,73.746715295,165.509874653,194.750498014,166,195,10.7743896514,-17.9664512549,0.818579400504,0.99969885158,4
R4C6,96,4,73.746715295,169.0,192.990443475,169,193,12.5986013127,-19.1647688879,0.896527406843,0.999834102239,3
R4C6,97,4,73.746715295,194.316147478,94.0095777573,194,95,-50.7554630886,10.0137669169,0.864825594626,0.999756319993,6
R4C6,98,4,73.746715295,194.0,169.0,194,169,-71.8440568324,49.5130283916,0.210311131225,1.0,1
R4C6,99,4,73.746715295,197.0,164.0,197,164,11.245481056,-51.8484254881,0.200404918076,1.0,1
R4C6,100,4,73.746715295,201.203677633,112.987309792,201,113,-74.4066581777,2.15559357063,0.385425732325,0.994810079919,5
R4C6,101,4,73.746715295,201.981014399,148.0,202,148,75.577917632,-0.382283132566,0.597218636141,0.999638235009,3
R4C6,102,4,73.746715295,205.0,128.0,205,128,-54.1526560582,34.3198184996,0.52469831263,1.0,1
R4C6,103,5,81.746715295,51.0489019041,151.0,51,151,-31.4259316963,43.6789907147,0.54245160528,0.999974099164,3
R4C6,104,5,81.746715295,54.5761235881,162.141812064,54,162,-31.8293712757,35.089397128,0.519081239045,0.999444265343,8
R4C6,105,5,81.746715295,56.7938001792,92.8565321001,57,93,-66.4335711104,50.4688209301,0.738970905347,0.99751898279,6
R4C6,106,5,81.746715295,55.0,97.4941222808,55,97,-63.6595146294,49.7729584474,0.737221198782,0.999955291546,2
R4C6,107,5,81.746715295,63.5210163951,82.2474328232,64,82,-49.2051238453,76.4849688555,0.4661107133,0.957604435368,4
R4C6,108,5,81.746715295,73.3337499389,70.8154384782,73,70,-30.6559630908,-74.4106900002,0.719781560047,0.990654763541,17
R4C6,109,5,81.746715295,88.8458658007,59.5488877978,89,59,22.5737048239,-7.71770271122,0.759383302049,0.99928149828,6
R4C6,110,5,81.746715295,128.451577552,48.1319731113,129,48,9.09470328143,8.01116068378,0.646614482983,0.999154754882,6
R4C6,111,5,81.746715295,132.385547172,211.610899393,132,212,-30.5449143745,-32.2192357837,0.608479478691,0.995116607922,5
R4C6,112,5,81.746715295,139.614015458,49.0944776254,140,49,24.9400792594,31.7167676511,0.411750990594,0.993163489759,3
R4C6,113,5,81.746715295,168.098295285,202.363712745,168,202,7.24390908721,-20.5221523006,0.284036253659,0.960763796475,7
R4C6,114,5,81.746715295,171.626528882,199.915334576,172,200,11.2487349528,-19.5201915571,0.631344625486,0.996829805735,3
R4C6,115,5,81.746715295,195.791841143,178.62387058,197,179,-66.9872416339,59.4792434202,0.441664827194,0.996660259569,11
R4C6,116,5,81.746715295,201.0,92.0,201,92,-45.4733118444,16.3704967073,0.478626013561,1.0,1
R4C6,117,5,81.746715295,203.983667973,95.3503801879,204,95,-65.6350233378,-0.73066480623,0.333741438176,0.988069712666,3
R4C6,118,5,81.746715295,204.499628289,164.499628289,204,164,-74.9777411879,39.8703853919,0.441405407097,0.999863815299,2
R4C6,119,5,81.746715295,205.978953232,160.0,206,160,-85.1552115994,26.3911845407,0.597845286095,0.999999972744,3
R4C6,120,5,81.746715295,207.58130479,104.167266083,208,104,-89.5672449909,-17.9837797253,0.626728603903,0.997959972141,6
R4C6,121,5,81.746715295,208.935301318,149.0,209,149,81.5756311251,5.10946836389,0.378806333059,0.999826782357,3
R4C6,122,5,81.746715295,210.989526127,143.0,211,143,87.4779966843,6.59701878386,0.473909366931,0.995663422461,3
R4C6,123,5,81.746715295,211.502384804,122.497615196,212,122,-46.8822330341,37.8584483575,0.851590485418,0.999069618673,2
R4C6,124,6,89.746715295,40.8896205656,140.110379434,41,140,-59.76952003,23.757436004,0.433547578202,0.999215128633,3
R4C6,125,6,89.746715295,47.2643357932,96.2483844673,47,96,-70.9212263823,41.2715404427,0.633267929575,0.998252265664,4
R4C6,126,6,89.746715295,46.5024953026,99.0,47,99,-79.6765630254,30.6918162633,0.57133045608,0.998806627012,2
R4C6,127,6,89.746715295,46.7942651854,163.701618962,47,163,-63.8763392568,4.07376327358,0.320829735242,0.957551902088,4
R4C6,128,6,89.746715295,52.2753894374,175.113930347,53,175,-7.79099682563,52.0767085979,0.725899400911,0.999906331971,8
R4C6,129,6,89.746715295,54.54672392,80.54672392,55,81,-70.8331158343,52.4083546052,0.445535910801,0.998813978393,2
R4C6,130,6,89.746715295,75.2390722325,58.8635119147,75,59,-13.7300120827,-51.3191185987,0.418369284638,0.95970333649,7
R4C6,131,6,89.746715295,125.335884298,220.008501889,125,220,-3.39715775887,-0.430823087119,0.676805824795,0.999953983573,3
R4C6,132,6,89.746715295,127.0,40.0227812001,127,40,7.63730857902,5.72767312837,0.748073035982,0.999975624451,3
R4C6,133,6,89.746715295,131.0,219.993017983,131,220,-11.0937373881,-11.7303803494,0.62579401958,0.999640930628,3
R4C6,134,6,89.746715295,145.95904151,41.3513851775,146,41,71.080233794,81.2856416702,0.593850169394,0.999739279086,3
R4C6,135,6,89.746715295,177.522958662,206.522958662,178,207,62.0679405268,30.2264700246,0.723052134832,0.996621565924,2
R4C6,136,6,89.746715295,206.454137559,176.764721365,206,177,-65.4869273032,55.9659577759,0.367736944773,0.998734528499,4
R4C6,137,6,89.746715295,211.028711628,92.0,211,92,-67.8311461893,-2.95629431933,0.554949529862,0.999187169626,3
R4C6,138,6,89.746715295,215.705165078,105.264161177,216,105,-86.9286896038,-13.0276491735,0.718682445921,0.998296590151,4
R4C6,139,6,89.746715295,218.48494635,115.51505365,218,116,-58.97759746,21.7255677926,0.59300055051,0.98802258211,2
R4C6,140,6,89.746715295,219.048156174,142.0,219,142,-86.9223423587,10.752518267,0.542953796013,0.999967256929,3
R4C6,141,7,97.746715295,31.9467611647,129.0,32,129,75.6312166828,-13.7844702046,0.493422405441,0.997381623478,3
R4C6,142,7,97.746715295,31.9198853361,136.0,32,136,82.0851720831,-11.4155048957,0.498403554713,0.999920493737,3
R4C6,143,7,97.746715295,38.0051948627,97.0,38,97,-82.1954321522,27.538285583,0.781339936663,0.999984850811,3
R4C6,144,7,97.746715295,43.5250721948,174.474927805,44,174,18.126154345,80.9089383522,0.223598751409,0.984307359421,2
R4C6,145,7,97.746715295,49.1997903481,74.3751350041,49,74,13.2372416013,-42.2182718148,0.495707273323,0.999526749156,4
R4C6,146,7,97.746715295,125.668922188,227.996329966,126,228,-4.28118429251,-1.75056814377,0.817242107002,0.999878872041,3
R4C6,147,7,97.746715295,157.60658856,36.3934114404,158,36,50.0262313578,66.4581489411,0.37958174109,0.993321174114,2
R4C6,148,7,97.746715295,186.643315637,209.960367875,187,210,66.2947151978,30.9812488529,0.689616990459,0.999879666033,3
R4C6,149,7,97.746715295,188.944516345,207.0,189,207,65.1610480464,27.7265151384,0.643969183216,0.999469454979,3
R4C6,150,7,97.746715295,218.01000806,173.0,218,173,-81.7660961679,34.2731503469,0.79082879906,0.999994331919,3
R4C6,151,7,97.746715295,219.732796633,90.1515347053,220,90,-30.9059545205,35.1490357003,0.516594016137,0.977842862803,4
R4C6,152,7,97.746715295,224.425259976,104.577260987,225,105,-34.1421958976,40.789002711,0.358564760955,0.805359186529,10
R4C6,153,7,97.746715295,226.62090746,142.579389682,227,142,-85.3498891601,12.0679109326,0.813203675948,0.999625713065,5
R4C6,154,8,105.746715295,23.9771868408,134.0,24,134,86.5361830399,-5.6244318849,0.881835490654,0.999967614652,3
R4C6,155,8,105.746715295,38.4744667022,182.525533298,38,183,11.4952439391,71.6441867512,0.480329218222,0.998158479335,2
R4C6,156,8,105.746715295,113.490661684,234.509338316,113,235,7.14762844837,16.1244613894,0.591727750018,0.99895451715,2
R4C6,157,8,105.746715295,122.681862865,235.650839084,122,236,21.8465308517,25.80891969,0.51763929029,0.921973009795,7
R4C6,158,8,105.746715295,127.0,235.0,127,235,18.1627847524,19.799361794,0.47141568139,1.0,1
R4C6,159,8,105.746715295,160.324379565,29.022074983,160,29,36.329021429,53.0444026903,0.634848632313,0.999401902573,3
R4C6,160,8,105.746715295,173.0,32.0,173,32,24.9047703001,48.5954597029,0.522672840614,1.0,1
R4C6,161,8,105.746715295,193.961218964,214.0,194,214,78.64926699,41.3620590886,0.633853578465,0.99988369514,5
R4C6,162,8,105.746715295,224.013103417,81.0,224,81,-85.0526954909,-22.5813987928,0.677251090972,0.999570538864,3
R4C6,163,8,105.746715295,225.202124127,175.008500851,225,175,-73.9762972961,41.3269802317,0.809420333567,0.99981107596,5
R4C6,164,8,105.746715295,228.001312327,170.0,228,170,-70.3490609964,41.8541490962,0.830853177993,0.999963027434,3
R4C6,165,8,105.746715295,228.878999698,93.5167286313,229,94,-16.4034723391,53.3440374452,0.640100486345,0.945601313549,13
R4C6,166,8,105.746715295,232.00705379,103.0,232,103,-12.7268376018,62.4476625238,0.635561943155,0.999899363496,3
R4C6,167,8,105.746715295,234.968445984,140.0,235,140,-80.7421933344,14.6997642702,0.804809572877,0.999998435372,3
R4C6,168,8,105.746715295,234.86680335,143.86680335,235,144,-78.0986751481,19.4339899436,0.639462568415,0.999251570106,3
R4C6,169,8,105.746715295,236.0373774,129.0,236,129,-68.5508842386,20.9087960888,0.512537354624,0.998888312112,3
R4C6,170,8,105.746715295,236.245962591,135.494906958,236,135,-82.8826844746,10.0779430141,0.747290024731,0.999727666813,4
R4C6,171,9,113.746715295,16.012723217,134.0,16,134,88.3889833192,-3.62079461557,0.927000996861,0.999926066375,3
R4C6,172,9,113.746715295,35.2615055302,192.9049423,35,193,5.40684805624,61.8232827649,0.743934720712,0.999754667076,7
R4C6,173,9,113.746715295,132.645338911,243.960463767,133,244,42.9225289367,41.5927735484,0.729222875906,0.999873329994,3
R4C6,174,9,113.746715295,164.324096919,22.0303083604,164,22,30.8979098048,48.5336266471,0.482501039036,0.999791512562,3
R4C6,175,9,113.746715295,167.772746572,22.5585297362,168,23,31.6561995008,51.0261298728,0.621944011438,0.999518128098,4
R4C6,176,9,113.746715295,204.08134309,216.379282627,204,216,71.4686613851,30.8513268814,0.450469459606,0.999352731089,3
R4C6,177,9,113.746715295,231.961728241,80.3507415126,232,80,-75.3616945528,-11.3250045085,0.589351592168,0.999768655776,3
R4C6,178,9,113.746715295,237.494301113,167.0,237,167,-61.7535917133,47.2400912844,0.506367100082,0.994265533498,4
R4C6,179,9,113.746715295,240.504843035,156.003857709,241,156,-39.53832337,63.7035319526,0.609978523794,0.994762544643,7
R4C6,180,9,113.746715295,244.144666624,128.423757739,244,128,-72.2881283407,16.9207152106,0.6832014935,0.999726730134,7
R4C6,181,10,121.746715295,8.0476235708,132.0,8,132,-87.0859762213,1.97446613564,0.642269173084,0.999944515332,3
R4C6,182,10,121.746715295,9.0,135.0,9,135,88.9257889567,-3.44045903473,0.674959114852,1.0,1
R4C6,183,10,121.746715295,31.3246327197,202.023630124,31,202,-0.530732314432,53.3433797932,0.47072515707,0.988401666189,3
R4C6,184,10,121.746715295,211.517811217,220.756359626,212,221,71.9293206873,29.9989815563,0.738561129098,0.999707379352,4
R4C6,185,10,121.746715295,214.00811577,218.670337168,214,219,78.3348304475,34.8814086353,0.754356344236,0.999497676606,3
R4C6,186,10,121.746715295,216.000469479,216.33313975,216,216,82.3924973755,37.5031001703,0.793737859473,0.999130919593,3
R4C6,187,10,121.746715295,244.241789189,170.453995673,244,170,-56.3996417096,53.0998486304,0.58336931157,0.998262385088,4
R4C6,188,10,121.746715295,249.321773334,157.077134725,250,157,-60.309299574,42.4760391799,0.499147752835,0.982093138349,10
R4C6,189,11,129.746715295,1.0,133.0,1,133,-83.5497545088,5.11802563728,0.377094069427,1.0,1
R4C6,190,11,129.746715295,219.970286611,223.651815609,220,224,72.8160207165,28.9646178289,0.721134682929,0.999879473293,3
R4C6,191,11,129.746715295,225.424911652,218.772060456,225,219,83.8303978888,36.7618803225,0.63100701832,0.996803455344,4
R4C6,192,11,129.746715295,245.0,187.0,245,187,-26.5418672888,89.8235478338,0.225452613827,1.0,1
R4C6,193,11,129.746715295,247.0,189.0,247,189,85.0990861851,21.8596853385,0.195709995431,1.0,1
R4C6,194,11,129.746715295,252.56347666,173.703467592,252,174,-67.4777218615,42.1474059112,0.718942057774,0.998941894355,4
R4C6,195,11,129.746715295,255.0,169.0,255,169,-65.2852455221,42.0426762551,0.816546093066,1.0,1
R4C6,196,11,129.746715295,257.003639125,157.0,257,157,-69.5641147429,32.4378462181,0.550174673816,0.999278077608,3
R4C6,197,11,129.746715295,256.515194322,159.515194322,257,160,-65.5892964177,37.5425708079,0.634805442092,0.999025779038,2
R4C6,198,12,137.746715295,228.0,226.442265202,228,226,82.5449504988,37.0859467936,0.18624955146,0.995626920946,2
R4C6,199,12,137.746715295,253.568729782,191.0,254,191,80.7753870466,17.048747563,0.781503955193,0.999730333953,4
