Colony,ConfigID,sigma,rho,num_iter,C,dt,alpha,Crossings,ReliableSkeletonPixels,MedianCrossingCoherence,MedianCrossingResultant,NeighborAngleMedianDeg,NeighborAngleP90Deg,NeighborPairs,NormalizedSourceRMSE,ManyToOneSupportedPoints,ManyToOneRawPeakDeg,PopulationSupportedRings,PopulationRawPeakDeg,CrossingRatio,ReliablePixelRatio,CoherenceGainFraction,P90RoughnessReductionFraction
R3C4,CONTROL,,,0,,,,602,7559,0.470813816271,0.997975609847,1.67169173745,5.64446064751,2899,0.0,123,45.0765739104,16,59.7516032166,1.0,1.0,0.0,0.0
R3C4,CED01,0.75,0.75,15,80.0,0.1,0.001,601,7586,0.48765838758,0.998054537755,1.6656614502,5.71646430957,2905,0.0483875308737,125,42.3631144498,17,60.00788054,0.998338870432,1.00357190105,0.0357775637134,-0.0127565176839
R3C4,CED02,0.75,0.75,15,95.0,0.1,0.001,606,7566,0.475398115299,0.998161780895,1.665384674,5.65478321309,2893,0.0336415968535,102,30.432562062,16,60.1718179954,1.00664451827,1.00092604842,0.00973696792646,-0.00182879573976
R3C4,CED03,0.75,0.75,30,80.0,0.1,0.001,599,7603,0.49561049015,0.998146641203,1.65400077428,5.86341609014,2922,0.0697499009133,125,40.8762885471,17,59.0124498029,0.995016611296,1.00582087578,0.0526676852338,-0.0387912072225
R3C4,CED04,0.75,0.75,30,95.0,0.1,0.001,605,7568,0.480058080864,0.998164907277,1.6679123727,5.65075735044,2901,0.0510428617035,103,30.5786564724,16,59.7817131094,1.0049833887,1.00119063368,0.0196346502017,-0.0011155544044
R3C4,CED05,0.75,1.5,15,80.0,0.1,0.001,600,7707,0.519001566422,0.998036141339,1.67816240271,6.06586152495,2971,0.0594168463936,126,40.1262006059,17,59.086842362,0.996677740864,1.01957930943,0.102349906664,-0.0746574214544
R3C4,CED06,0.75,1.5,15,95.0,0.1,0.001,603,7592,0.483319026139,0.998048913692,1.66582238446,5.78744691494,2912,0.0392658966724,128,43.6496748887,16,60.2423242298,1.00166112957,1.00436565683,0.0265608387763,-0.0253321400152
R3C4,CED07,0.75,1.5,30,80.0,0.1,0.001,600,7772,0.554288731022,0.998042278854,1.65375716014,6.18450228445,2994,0.0838478758812,96,50.372513208,17,58.7949585862,0.996677740864,1.02817833047,0.177299203775,-0.0956763933123
R3C4,CED08,0.75,1.5,30,95.0,0.1,0.001,603,7616,0.496878081199,0.998045440374,1.64957831347,5.81329130111,2933,0.05882797043,103,31.0778214631,16,60.0199283632,1.00166112957,1.00754067998,0.0553600256145,-0.0299108567052
R3C4,CED09,1.5,1.5,15,80.0,0.1,0.001,601,7652,0.51954601325,0.997870173715,1.71056083052,5.80915464213,2933,0.0697857844741,126,41.1587237433,17,60.739947151,0.998338870432,1.01230321471,0.103506301843,-0.0291779861546
R3C4,CED10,1.5,1.5,15,95.0,0.1,0.001,604,7583,0.487890087036,0.998166170143,1.67262534953,5.7441681344,2907,0.0460082575076,128,43.4085496753,17,60.9060056077,1.00332225914,1.00317502315,0.0362696891525,-0.0176646615359
R3C4,CED11,1.5,1.5,30,80.0,0.1,0.001,599,7709,0.54092422072,0.997720102882,1.72330566855,5.99545766592,2957,0.0967071059477,134,37.2331922641,18,61.1610345563,0.995016611296,1.0198438947,0.148913226474,-0.0621843326284
R3C4,CED12,1.5,1.5,30,95.0,0.1,0.001,601,7591,0.499049283708,0.998269292107,1.6806934684,5.84588624235,2927,0.066525282517,132,42.0109544023,17,60.963009257,0.998338870432,1.0042333642,0.0599716203339,-0.0356855344419
R3C4,CED13,1.5,3.0,15,80.0,0.1,0.001,607,7796,0.560816844844,0.998102113572,1.6919629717,6.03878159005,3013,0.072672504266,137,44.8108115437,18,60.686639131,1.00830564784,1.03135335362,0.19116479904,-0.0698598089646
R3C4,CED14,1.5,3.0,15,95.0,0.1,0.001,604,7596,0.494323147032,0.998149450351,1.67278785991,5.86676701646,2932,0.0459926299389,125,42.907817598,17,60.1422511586,1.00332225914,1.00489482736,0.0499333918178,-0.0393848735669
R3C4,CED15,1.5,3.0,30,80.0,0.1,0.001,604,7894,0.614435447256,0.998123391129,1.65419488506,6.06841057397,3042,0.100969278582,149,44.0503855093,18,60.9428242411,1.00332225914,1.04431803149,0.305049737331,-0.0751090233307
R3C4,CED16,1.5,3.0,30,95.0,0.1,0.001,607,7626,0.50835110435,0.998155211677,1.64409472264,5.81026159598,2932,0.0673584749621,123,41.3773666662,17,59.6338774931,1.00830564784,1.0088636063,0.0797285185397,-0.0293740994622
R3C4,CED17,2.5,2.5,15,80.0,0.1,0.001,597,7739,0.542521342389,0.997899827978,1.72882854374,6.28510968803,3003,0.0790994511226,140,41.6785184114,18,63.030342193,0.991694352159,1.02381267363,0.152305483908,-0.113500488449
R3C4,CED18,2.5,2.5,15,95.0,0.1,0.001,602,7599,0.495035027821,0.998196762501,1.69977323577,5.69272545365,2921,0.0487089946168,132,42.4723788901,17,61.0804749675,1.0,1.00529170525,0.0514454136931,-0.00855082693639
R3C4,CED19,2.5,2.5,30,80.0,0.1,0.001,598,7801,0.577372920063,0.998088778899,1.71170036976,6.34682433845,3002,0.108538751009,149,63.5342621818,18,65.0485710945,0.993355481728,1.03201481677,0.226329602297,-0.124434154972
R3C4,CED20,2.5,2.5,30,95.0,0.1,0.001,596,7632,0.515330476522,0.998171403437,1.71870907368,6.04878398963,2945,0.0702186659703,123,40.4893023383,17,61.2802400796,0.990033222591,1.00965736208,0.0945525783505,-0.0716318825436
R3C4,CED21,2.5,5.0,15,80.0,0.1,0.001,600,7817,0.57010254221,0.998251055232,1.60318476271,5.99110540693,3022,0.0767844168241,146,34.1067530083,18,63.4209386582,0.996677740864,1.03413149888,0.210887451701,-0.0614132653366
R3C4,CED22,2.5,5.0,15,95.0,0.1,0.001,603,7615,0.506927367677,0.998117874148,1.65489260709,5.71773152438,2932,0.0467522842525,131,42.4008333195,17,67.1024042672,1.00166112957,1.00740838735,0.0767045276886,-0.0129810235997
R3C4,CED23,2.5,5.0,30,80.0,0.1,0.001,599,7873,0.612189456829,0.998285682943,1.54998195763,6.16342076866,3033,0.106644551389,148,46.5111888642,17,66.8023776407,0.995016611296,1.04153988623,0.30027929443,-0.0919414898177
R3C4,CED24,2.5,5.0,30,95.0,0.1,0.001,600,7636,0.516207263641,0.998274484725,1.63755468298,5.64607895887,2939,0.0681485260991,147,40.4656063445,17,60.6821725095,0.996677740864,1.01018653261,0.0964148582768,-0.000286707882077
R3C4,CED25,1.5,1.5,20,99.0,0.1,0.001,604,7571,0.476036034105,0.998023730528,1.66876500368,5.66993701919,2908,0.0242522763461,124,44.5977437942,16,59.260419771,1.00332225914,1.00158751158,0.0110918958908,-0.00451351745922
R3C4,CED26,1.5,3.0,30,90.0,0.1,0.001,610,7727,0.55230923463,0.998204186991,1.66704308264,5.88088673416,2965,0.0865706834201,143,38.1480265632,17,61.0487197239,1.01328903654,1.02222516206,0.173094789369,-0.0418863911753
R4C6,CONTROL,,,0,,,,200,2265,0.541341142389,0.999150041737,1.31207520685,4.69377891424,1035,0.0,62,30.4988317711,12,82.6851851791,1.0,1.0,0.0,0.0
R4C6,CED01,0.75,0.75,15,80.0,0.1,0.001,201,2270,0.557100451002,0.999173696606,1.28989858639,4.81992179728,1035,0.0406466345625,63,35.2068325204,12,82.2059953842,1.005,1.00220750552,0.0291116033494,-0.0268744832991
R4C6,CED02,0.75,0.75,15,95.0,0.1,0.001,201,2270,0.552432897897,0.999176303633,1.30160927659,4.73192058464,1032,0.0391186047968,63,35.1584223019,12,81.8383495408,1.005,1.00220750552,0.0204894005649,-0.00812600488847
R4C6,CED03,0.75,0.75,30,80.0,0.1,0.001,200,2275,0.577178277269,0.999183765829,1.28074802003,4.84260936144,1039,0.0585554268918,62,28.7320691654,12,81.6552263862,1.0,1.00441501104,0.0662006488596,-0.031708022453
R4C6,CED04,0.75,0.75,30,95.0,0.1,0.001,202,2273,0.568056777071,0.999234411478,1.29847359726,4.85306106221,1028,0.0567073596319,63,34.3271073306,12,81.201265418,1.01,1.00353200883,0.0493508299863,-0.0339347359313
R4C6,CED05,0.75,1.5,15,80.0,0.1,0.001,202,2279,0.605597032997,0.999198595906,1.26633479109,4.97066397463,1047,0.0498175157955,64,33.4378213243,12,88.6994771524,1.01,1.00618101545,0.118697593029,-0.0589897959526
R4C6,CED06,0.75,1.5,15,95.0,0.1,0.001,202,2276,0.586759232316,0.999253961911,1.29360075235,4.93798330277,1042,0.0470925799791,63,33.3728798384,12,87.3052557116,1.01,1.00485651214,0.0838992021321,-0.0520272456364
R4C6,CED07,0.75,1.5,30,80.0,0.1,0.001,202,2285,0.650311168785,0.999229751121,1.26537330508,5.08879196054,1051,0.0700924289453,56,32.3759393995,12,93.7505217512,1.01,1.00883002208,0.201296406025,-0.0841567218054
R4C6,CED08,0.75,1.5,30,95.0,0.1,0.001,202,2286,0.626101393127,0.999238474723,1.27268104185,5.14867446141,1043,0.0670884524105,61,32.516534901,12,89.5380901176,1.01,1.00927152318,0.156574559186,-0.0969145661701
R4C6,CED09,1.5,1.5,15,80.0,0.1,0.001,201,2288,0.588263782607,0.999262400521,1.31595810393,4.86524648667,1055,0.0563845850497,66,34.7003222196,12,84.5071314788,1.005,1.01015452539,0.0866785037092,-0.0365308156967
R4C6,CED10,1.5,1.5,15,95.0,0.1,0.001,201,2283,0.579489756886,0.999241874449,1.33483048829,4.80409540671,1051,0.0516055976975,65,34.7573115682,12,83.3463601035,1.005,1.00794701987,0.0704705619261,-0.0235027031493
R4C6,CED11,1.5,1.5,30,80.0,0.1,0.001,199,2294,0.621853929893,0.999217140073,1.34911757486,5.19173893693,1062,0.0791515953229,65,33.8667630714,12,82.394229006,0.995,1.01280353201,0.148728373294,-0.106089364623
R4C6,CED12,1.5,1.5,30,95.0,0.1,0.001,200,2289,0.600429951181,0.999150815479,1.32208110137,5.03274930302,1051,0.0737257565464,66,33.9450011397,12,80.9284133209,1.0,1.01059602649,0.109152628842,-0.0722169482157
R4C6,CED13,1.5,3.0,15,80.0,0.1,0.001,201,2313,0.643907458925,0.999299214241,1.28597811142,4.94261301963,1070,0.0591314924589,67,33.1172227637,12,82.6286913127,1.005,1.02119205298,0.189467063383,-0.0530135973459
R4C6,CED14,1.5,3.0,15,95.0,0.1,0.001,203,2300,0.607495319407,0.999277151245,1.29535671008,5.17934332328,1061,0.0527381830927,66,33.2055255388,12,82.3753911422,1.015,1.01545253863,0.12220422916,-0.103448504481
R4C6,CED15,1.5,3.0,30,80.0,0.1,0.001,201,2318,0.698068882487,0.999318031252,1.26596795638,4.73453924513,1061,0.0828900210302,60,25.871040214,12,80.2970797117,1.005,1.0233995585,0.289517510911,-0.0086839051518
R4C6,CED16,1.5,3.0,30,95.0,0.1,0.001,202,2311,0.652594479188,0.999246130727,1.30156767497,4.81711989476,1057,0.0755141886927,59,28.1254402412,12,80.323182548,1.01,1.02030905077,0.205514283116,-0.0262775436971
R4C6,CED17,2.5,2.5,15,80.0,0.1,0.001,199,2304,0.624499628276,0.999232644019,1.3207071835,5.03005147496,1056,0.0651815855997,65,32.9624860371,11,99.8927338467,0.995,1.01721854305,0.153615676652,-0.0716421814639
R4C6,CED18,2.5,2.5,15,95.0,0.1,0.001,199,2281,0.590749964258,0.999247843217,1.30884670893,4.91528785798,1039,0.0569867154989,64,32.9969493075,11,91.8622534018,0.995,1.00706401766,0.0912711375522,-0.0471920275301
R4C6,CED19,2.5,2.5,30,80.0,0.1,0.001,202,2310,0.664331841343,0.999307152957,1.32649674049,5.07569277874,1056,0.0904475333199,70,31.2541032261,11,98.19898189,1.01,1.01986754967,0.227196289592,-0.0813659679089
R4C6,CED20,2.5,2.5,30,95.0,0.1,0.001,201,2283,0.618620345293,0.999201247895,1.31898758098,4.93737409157,1038,0.0808270292846,70,27.9423723235,11,100.241744291,1.005,1.00794701987,0.142755088895,-0.0518974544365
R4C6,CED21,2.5,5.0,15,80.0,0.1,0.001,204,2330,0.641909912571,0.999327570216,1.26469229363,4.66728418147,1068,0.0650837397532,63,30.2903936542,11,97.2671961572,1.02,1.02869757174,0.18577706793,0.00564464864063
R4C6,CED22,2.5,5.0,15,95.0,0.1,0.001,203,2305,0.600055728099,0.999321955175,1.24959393084,4.73012021846,1048,0.0538311567828,59,28.0725047874,12,85.8715966625,1.015,1.01766004415,0.108461340019,-0.00774244055596
R4C6,CED23,2.5,5.0,30,80.0,0.1,0.001,203,2339,0.708168843914,0.99941749925,1.24744455672,4.49256109305,1065,0.0903744441685,62,24.3767580089,11,99.1753529138,1.015,1.03267108168,0.308174805982,0.0428690453607
R4C6,CED24,2.5,5.0,30,95.0,0.1,0.001,203,2311,0.637377439663,0.99932971685,1.23419332306,4.72975716412,1048,0.0774647592829,63,25.1173893731,12,91.4916258436,1.015,1.02030905077,0.177404393929,-0.00766509256962
R4C6,CED25,1.5,1.5,20,99.0,0.1,0.001,200,2265,0.55123096637,0.999153594935,1.31689428228,4.8557291587,1039,0.0290228713401,63,34.5982958764,12,84.0141591135,1.0,1.0,0.0182691157333,-0.0345031684328
R4C6,CED26,1.5,3.0,30,90.0,0.1,0.001,202,2318,0.687362106992,0.99932883952,1.27523503383,4.76353073131,1061,0.0823255619473,60,25.8479117068,12,80.368910396,1.01,1.0233995585,0.269739270064,-0.0148604820023
