dataset,group,scene,crop,method,zone,solver_status,predicted_radius_px,hand_reference_radius_px,absolute_drift_px,normalized_drift,within_one_ring,boundary_available,zone_geometry_available,retained_mask_fraction,parameter_json,evaluation_version
GanodermaSubsetEven,Ganoderma × glucose/yeast extract,image99,Image99_obj1_d000439_300_029_2026-06-15_21-23-40,Legacy control,CoreZone,legacy,167.717009703,164.40194646,3.31506324235,0.0204863943736,True,True,True,1.0,"{""intensity_source"":""detect_mat"",""legacy_mode"":true}",method-b-corrected-v2
GanodermaSubsetEven,Ganoderma × glucose/yeast extract,image99,Image99_obj1_d000439_300_029_2026-06-15_21-23-40,Legacy control,DenseZone,legacy,167.717009703,164.246765569,3.47024413348,0.0214453796787,True,True,False,1.0,"{""intensity_source"":""detect_mat"",""legacy_mode"":true}",method-b-corrected-v2
GanodermaSubsetEven,Ganoderma × glucose/yeast extract,image99,Image99_obj1_d000439_300_029_2026-06-15_21-23-40,Legacy control,SparseZone,legacy,167.717009703,161.817798774,5.89921092904,0.0364558841719,True,True,False,1.0,"{""intensity_source"":""detect_mat"",""legacy_mode"":true}",method-b-corrected-v2
GanodermaSubsetEven,Ganoderma × glucose/yeast extract,image99,Image99_obj1_d000439_300_029_2026-06-15_21-23-40,Corrected fixed P95,CoreZone,collapsed,96.0,164.40194646,68.4019464605,0.42270965851,False,True,True,0.950061717047,"{""maximum_gap"":0,""min_crossings"":3,""min_resultant"":0.3,""min_ring_coherence"":0.15,""minimum_segment"":8,""outer_support_margin"":0.0,""support_weight"":0.5}",method-b-corrected-v2
GanodermaSubsetEven,Ganoderma × glucose/yeast extract,image99,Image99_obj1_d000439_300_029_2026-06-15_21-23-40,Corrected fixed P95,DenseZone,collapsed,96.0,164.246765569,68.2467655694,0.421750673205,False,True,False,0.950061717047,"{""maximum_gap"":0,""min_crossings"":3,""min_resultant"":0.3,""min_ring_coherence"":0.15,""minimum_segment"":8,""outer_support_margin"":0.0,""support_weight"":0.5}",method-b-corrected-v2
GanodermaSubsetEven,Ganoderma × glucose/yeast extract,image99,Image99_obj1_d000439_300_029_2026-06-15_21-23-40,Corrected fixed P95,SparseZone,collapsed,155.900609364,161.817798774,5.91718941002,0.0365669874072,True,True,True,0.950061717047,"{""maximum_gap"":0,""min_crossings"":3,""min_resultant"":0.3,""min_ring_coherence"":0.15,""minimum_segment"":8,""outer_support_margin"":0.0,""support_weight"":0.5}",method-b-corrected-v2
GanodermaSubsetEven,Ganoderma × glucose/yeast extract,image99,Image99_obj1_d000439_300_029_2026-06-15_21-23-40,Corrected fixed P100,CoreZone,collapsed,96.0,164.40194646,68.4019464605,0.42270965851,False,True,True,1.0,"{""maximum_gap"":0,""min_crossings"":3,""min_resultant"":0.3,""min_ring_coherence"":0.15,""minimum_segment"":8,""outer_support_margin"":0.0,""support_weight"":0.5}",method-b-corrected-v2
GanodermaSubsetEven,Ganoderma × glucose/yeast extract,image99,Image99_obj1_d000439_300_029_2026-06-15_21-23-40,Corrected fixed P100,DenseZone,collapsed,96.0,164.246765569,68.2467655694,0.421750673205,False,True,False,1.0,"{""maximum_gap"":0,""min_crossings"":3,""min_resultant"":0.3,""min_ring_coherence"":0.15,""minimum_segment"":8,""outer_support_margin"":0.0,""support_weight"":0.5}",method-b-corrected-v2
GanodermaSubsetEven,Ganoderma × glucose/yeast extract,image99,Image99_obj1_d000439_300_029_2026-06-15_21-23-40,Corrected fixed P100,SparseZone,collapsed,176.300879181,161.817798774,14.4830804072,0.0895023941554,False,True,True,1.0,"{""maximum_gap"":0,""min_crossings"":3,""min_resultant"":0.3,""min_ring_coherence"":0.15,""minimum_segment"":8,""outer_support_margin"":0.0,""support_weight"":0.5}",method-b-corrected-v2
GanodermaSubsetEven,Ganoderma × glucose/yeast extract,image99,Image99_obj1_d000439_300_029_2026-06-15_21-23-40,Retuned P95,CoreZone,exact,48.0,164.40194646,116.40194646,0.719339574154,False,True,True,0.950061717047,"{""maximum_gap"":0,""min_crossings"":5,""min_resultant"":0.15,""min_ring_coherence"":0.15,""minimum_segment"":6,""outer_support_margin"":0.0,""support_weight"":0.5}",method-b-corrected-v2
GanodermaSubsetEven,Ganoderma × glucose/yeast extract,image99,Image99_obj1_d000439_300_029_2026-06-15_21-23-40,Retuned P95,DenseZone,exact,96.0,164.246765569,68.2467655694,0.421750673205,False,True,True,0.950061717047,"{""maximum_gap"":0,""min_crossings"":5,""min_resultant"":0.15,""min_ring_coherence"":0.15,""minimum_segment"":6,""outer_support_margin"":0.0,""support_weight"":0.5}",method-b-corrected-v2
GanodermaSubsetEven,Ganoderma × glucose/yeast extract,image99,Image99_obj1_d000439_300_029_2026-06-15_21-23-40,Retuned P95,SparseZone,exact,155.900609364,161.817798774,5.91718941002,0.0365669874072,True,True,True,0.950061717047,"{""maximum_gap"":0,""min_crossings"":5,""min_resultant"":0.15,""min_ring_coherence"":0.15,""minimum_segment"":6,""outer_support_margin"":0.0,""support_weight"":0.5}",method-b-corrected-v2
GanodermaSubsetEven,Ganoderma × glucose/yeast extract,image99,Image99_obj1_d000439_300_029_2026-06-15_21-23-40,Retuned P100,CoreZone,exact,48.0,164.40194646,116.40194646,0.719339574154,False,True,True,1.0,"{""maximum_gap"":0,""min_crossings"":5,""min_resultant"":0.15,""min_ring_coherence"":0.15,""minimum_segment"":6,""outer_support_margin"":0.0,""support_weight"":0.5}",method-b-corrected-v2
GanodermaSubsetEven,Ganoderma × glucose/yeast extract,image99,Image99_obj1_d000439_300_029_2026-06-15_21-23-40,Retuned P100,DenseZone,exact,96.0,164.246765569,68.2467655694,0.421750673205,False,True,True,1.0,"{""maximum_gap"":0,""min_crossings"":5,""min_resultant"":0.15,""min_ring_coherence"":0.15,""minimum_segment"":6,""outer_support_margin"":0.0,""support_weight"":0.5}",method-b-corrected-v2
GanodermaSubsetEven,Ganoderma × glucose/yeast extract,image99,Image99_obj1_d000439_300_029_2026-06-15_21-23-40,Retuned P100,SparseZone,exact,176.300879181,161.817798774,14.4830804072,0.0895023941554,False,True,True,1.0,"{""maximum_gap"":0,""min_crossings"":5,""min_resultant"":0.15,""min_ring_coherence"":0.15,""minimum_segment"":6,""outer_support_margin"":0.0,""support_weight"":0.5}",method-b-corrected-v2
GanodermaSubsetEven,Ganoderma × glucose/yeast extract,image99,Image99_obj2_d000439_300_029_2026-06-15_21-23-40,Legacy control,CoreZone,legacy,137.607595064,375.968083752,238.360488688,0.659633322862,False,True,True,1.0,"{""intensity_source"":""detect_mat"",""legacy_mode"":true}",method-b-corrected-v2
GanodermaSubsetEven,Ganoderma × glucose/yeast extract,image99,Image99_obj2_d000439_300_029_2026-06-15_21-23-40,Legacy control,DenseZone,legacy,241.543590342,372.464763434,130.921173092,0.362308237053,False,True,True,1.0,"{""intensity_source"":""detect_mat"",""legacy_mode"":true}",method-b-corrected-v2
GanodermaSubsetEven,Ganoderma × glucose/yeast extract,image99,Image99_obj2_d000439_300_029_2026-06-15_21-23-40,Legacy control,SparseZone,legacy,329.173356217,361.353012994,32.1796567769,0.0890532405147,False,True,True,1.0,"{""intensity_source"":""detect_mat"",""legacy_mode"":true}",method-b-corrected-v2
GanodermaSubsetEven,Ganoderma × glucose/yeast extract,image99,Image99_obj2_d000439_300_029_2026-06-15_21-23-40,Corrected fixed P95,CoreZone,exact,144.0,375.968083752,231.968083752,0.64194312877,False,True,True,0.949998574483,"{""maximum_gap"":0,""min_crossings"":3,""min_resultant"":0.3,""min_ring_coherence"":0.15,""minimum_segment"":8,""outer_support_margin"":0.0,""support_weight"":0.5}",method-b-corrected-v2
GanodermaSubsetEven,Ganoderma × glucose/yeast extract,image99,Image99_obj2_d000439_300_029_2026-06-15_21-23-40,Corrected fixed P95,DenseZone,exact,240.0,372.464763434,132.464763434,0.366579933391,False,True,True,0.949998574483,"{""maximum_gap"":0,""min_crossings"":3,""min_resultant"":0.3,""min_ring_coherence"":0.15,""minimum_segment"":8,""outer_support_margin"":0.0,""support_weight"":0.5}",method-b-corrected-v2
GanodermaSubsetEven,Ganoderma × glucose/yeast extract,image99,Image99_obj2_d000439_300_029_2026-06-15_21-23-40,Corrected fixed P95,SparseZone,exact,327.531448829,361.353012994,33.8215641657,0.0935970171811,False,True,True,0.949998574483,"{""maximum_gap"":0,""min_crossings"":3,""min_resultant"":0.3,""min_ring_coherence"":0.15,""minimum_segment"":8,""outer_support_margin"":0.0,""support_weight"":0.5}",method-b-corrected-v2
GanodermaSubsetEven,Ganoderma × glucose/yeast extract,image99,Image99_obj2_d000439_300_029_2026-06-15_21-23-40,Corrected fixed P100,CoreZone,exact,168.0,375.968083752,207.968083752,0.575526081901,False,True,True,1.0,"{""maximum_gap"":0,""min_crossings"":3,""min_resultant"":0.3,""min_ring_coherence"":0.15,""minimum_segment"":8,""outer_support_margin"":0.0,""support_weight"":0.5}",method-b-corrected-v2
GanodermaSubsetEven,Ganoderma × glucose/yeast extract,image99,Image99_obj2_d000439_300_029_2026-06-15_21-23-40,Corrected fixed P100,DenseZone,exact,312.0,372.464763434,60.4647634341,0.167328792786,False,True,True,1.0,"{""maximum_gap"":0,""min_crossings"":3,""min_resultant"":0.3,""min_ring_coherence"":0.15,""minimum_segment"":8,""outer_support_margin"":0.0,""support_weight"":0.5}",method-b-corrected-v2
GanodermaSubsetEven,Ganoderma × glucose/yeast extract,image99,Image99_obj2_d000439_300_029_2026-06-15_21-23-40,Corrected fixed P100,SparseZone,exact,370.753287241,361.353012994,9.40027424677,0.0260141023009,False,True,True,1.0,"{""maximum_gap"":0,""min_crossings"":3,""min_resultant"":0.3,""min_ring_coherence"":0.15,""minimum_segment"":8,""outer_support_margin"":0.0,""support_weight"":0.5}",method-b-corrected-v2
GanodermaSubsetEven,Ganoderma × glucose/yeast extract,image99,Image99_obj2_d000439_300_029_2026-06-15_21-23-40,Retuned P95,CoreZone,exact,168.0,375.968083752,207.968083752,0.575526081901,False,True,True,0.949998574483,"{""maximum_gap"":0,""min_crossings"":5,""min_resultant"":0.15,""min_ring_coherence"":0.15,""minimum_segment"":6,""outer_support_margin"":0.0,""support_weight"":0.5}",method-b-corrected-v2
GanodermaSubsetEven,Ganoderma × glucose/yeast extract,image99,Image99_obj2_d000439_300_029_2026-06-15_21-23-40,Retuned P95,DenseZone,exact,280.0,372.464763434,92.4647634341,0.255884855277,False,True,True,0.949998574483,"{""maximum_gap"":0,""min_crossings"":5,""min_resultant"":0.15,""min_ring_coherence"":0.15,""minimum_segment"":6,""outer_support_margin"":0.0,""support_weight"":0.5}",method-b-corrected-v2
GanodermaSubsetEven,Ganoderma × glucose/yeast extract,image99,Image99_obj2_d000439_300_029_2026-06-15_21-23-40,Retuned P95,SparseZone,exact,327.531448829,361.353012994,33.8215641657,0.0935970171811,False,True,True,0.949998574483,"{""maximum_gap"":0,""min_crossings"":5,""min_resultant"":0.15,""min_ring_coherence"":0.15,""minimum_segment"":6,""outer_support_margin"":0.0,""support_weight"":0.5}",method-b-corrected-v2
GanodermaSubsetEven,Ganoderma × glucose/yeast extract,image99,Image99_obj2_d000439_300_029_2026-06-15_21-23-40,Retuned P100,CoreZone,exact,168.0,375.968083752,207.968083752,0.575526081901,False,True,True,1.0,"{""maximum_gap"":0,""min_crossings"":5,""min_resultant"":0.15,""min_ring_coherence"":0.15,""minimum_segment"":6,""outer_support_margin"":0.0,""support_weight"":0.5}",method-b-corrected-v2
GanodermaSubsetEven,Ganoderma × glucose/yeast extract,image99,Image99_obj2_d000439_300_029_2026-06-15_21-23-40,Retuned P100,DenseZone,exact,328.0,372.464763434,44.4647634341,0.123050761541,False,True,True,1.0,"{""maximum_gap"":0,""min_crossings"":5,""min_resultant"":0.15,""min_ring_coherence"":0.15,""minimum_segment"":6,""outer_support_margin"":0.0,""support_weight"":0.5}",method-b-corrected-v2
GanodermaSubsetEven,Ganoderma × glucose/yeast extract,image99,Image99_obj2_d000439_300_029_2026-06-15_21-23-40,Retuned P100,SparseZone,exact,370.753287241,361.353012994,9.40027424677,0.0260141023009,False,True,True,1.0,"{""maximum_gap"":0,""min_crossings"":5,""min_resultant"":0.15,""min_ring_coherence"":0.15,""minimum_segment"":6,""outer_support_margin"":0.0,""support_weight"":0.5}",method-b-corrected-v2
GanodermaSubsetEven,Ganoderma × glucose/yeast extract,image167,image167_obj1_d000441_300_050_2026-06-15_21-41-45,Legacy control,CoreZone,legacy,72.628940902,244.624201583,171.995260681,0.745883325161,False,True,True,1.0,"{""intensity_source"":""detect_mat"",""legacy_mode"":true}",method-b-corrected-v2
GanodermaSubsetEven,Ganoderma × glucose/yeast extract,image167,image167_obj1_d000441_300_050_2026-06-15_21-41-45,Legacy control,DenseZone,legacy,141.653228305,243.393200388,101.739972083,0.44121069603,False,True,True,1.0,"{""intensity_source"":""detect_mat"",""legacy_mode"":true}",method-b-corrected-v2
GanodermaSubsetEven,Ganoderma × glucose/yeast extract,image167,image167_obj1_d000441_300_050_2026-06-15_21-41-45,Legacy control,SparseZone,legacy,212.189205224,230.592714542,18.4035093178,0.0798095870217,False,True,True,1.0,"{""intensity_source"":""detect_mat"",""legacy_mode"":true}",method-b-corrected-v2
GanodermaSubsetEven,Ganoderma × glucose/yeast extract,image167,image167_obj1_d000441_300_050_2026-06-15_21-41-45,Corrected fixed P95,CoreZone,exact,72.0,244.624201583,172.624201583,0.748610822009,False,True,True,0.950023385699,"{""maximum_gap"":0,""min_crossings"":3,""min_resultant"":0.3,""min_ring_coherence"":0.15,""minimum_segment"":8,""outer_support_margin"":0.0,""support_weight"":0.5}",method-b-corrected-v2
GanodermaSubsetEven,Ganoderma × glucose/yeast extract,image167,image167_obj1_d000441_300_050_2026-06-15_21-41-45,Corrected fixed P95,DenseZone,exact,160.0,243.393200388,83.3932003877,0.361647160246,False,True,True,0.950023385699,"{""maximum_gap"":0,""min_crossings"":3,""min_resultant"":0.3,""min_ring_coherence"":0.15,""minimum_segment"":8,""outer_support_margin"":0.0,""support_weight"":0.5}",method-b-corrected-v2
GanodermaSubsetEven,Ganoderma × glucose/yeast extract,image167,image167_obj1_d000441_300_050_2026-06-15_21-41-45,Corrected fixed P95,SparseZone,exact,217.882996124,230.592714542,12.7097184183,0.0551176061372,False,True,True,0.950023385699,"{""maximum_gap"":0,""min_crossings"":3,""min_resultant"":0.3,""min_ring_coherence"":0.15,""minimum_segment"":8,""outer_support_margin"":0.0,""support_weight"":0.5}",method-b-corrected-v2
GanodermaSubsetEven,Ganoderma × glucose/yeast extract,image167,image167_obj1_d000441_300_050_2026-06-15_21-41-45,Corrected fixed P100,CoreZone,exact,72.0,244.624201583,172.624201583,0.748610822009,False,True,True,1.0,"{""maximum_gap"":0,""min_crossings"":3,""min_resultant"":0.3,""min_ring_coherence"":0.15,""minimum_segment"":8,""outer_support_margin"":0.0,""support_weight"":0.5}",method-b-corrected-v2
GanodermaSubsetEven,Ganoderma × glucose/yeast extract,image167,image167_obj1_d000441_300_050_2026-06-15_21-41-45,Corrected fixed P100,DenseZone,exact,192.0,243.393200388,51.3932003877,0.222874345747,False,True,True,1.0,"{""maximum_gap"":0,""min_crossings"":3,""min_resultant"":0.3,""min_ring_coherence"":0.15,""minimum_segment"":8,""outer_support_margin"":0.0,""support_weight"":0.5}",method-b-corrected-v2
GanodermaSubsetEven,Ganoderma × glucose/yeast extract,image167,image167_obj1_d000441_300_050_2026-06-15_21-41-45,Corrected fixed P100,SparseZone,exact,252.715254783,230.592714542,22.1225402406,0.095937724158,False,True,True,1.0,"{""maximum_gap"":0,""min_crossings"":3,""min_resultant"":0.3,""min_ring_coherence"":0.15,""minimum_segment"":8,""outer_support_margin"":0.0,""support_weight"":0.5}",method-b-corrected-v2
GanodermaSubsetEven,Ganoderma × glucose/yeast extract,image167,image167_obj1_d000441_300_050_2026-06-15_21-41-45,Retuned P95,CoreZone,exact,48.0,244.624201583,196.624201583,0.852690432883,False,True,True,0.950023385699,"{""maximum_gap"":0,""min_crossings"":5,""min_resultant"":0.15,""min_ring_coherence"":0.15,""minimum_segment"":6,""outer_support_margin"":0.0,""support_weight"":0.5}",method-b-corrected-v2
GanodermaSubsetEven,Ganoderma × glucose/yeast extract,image167,image167_obj1_d000441_300_050_2026-06-15_21-41-45,Retuned P95,DenseZone,exact,96.0,243.393200388,147.393200388,0.639192789244,False,True,True,0.950023385699,"{""maximum_gap"":0,""min_crossings"":5,""min_resultant"":0.15,""min_ring_coherence"":0.15,""minimum_segment"":6,""outer_support_margin"":0.0,""support_weight"":0.5}",method-b-corrected-v2
GanodermaSubsetEven,Ganoderma × glucose/yeast extract,image167,image167_obj1_d000441_300_050_2026-06-15_21-41-45,Retuned P95,SparseZone,exact,217.882996124,230.592714542,12.7097184183,0.0551176061372,False,True,True,0.950023385699,"{""maximum_gap"":0,""min_crossings"":5,""min_resultant"":0.15,""min_ring_coherence"":0.15,""minimum_segment"":6,""outer_support_margin"":0.0,""support_weight"":0.5}",method-b-corrected-v2
GanodermaSubsetEven,Ganoderma × glucose/yeast extract,image167,image167_obj1_d000441_300_050_2026-06-15_21-41-45,Retuned P100,CoreZone,exact,72.0,244.624201583,172.624201583,0.748610822009,False,True,True,1.0,"{""maximum_gap"":0,""min_crossings"":5,""min_resultant"":0.15,""min_ring_coherence"":0.15,""minimum_segment"":6,""outer_support_margin"":0.0,""support_weight"":0.5}",method-b-corrected-v2
GanodermaSubsetEven,Ganoderma × glucose/yeast extract,image167,image167_obj1_d000441_300_050_2026-06-15_21-41-45,Retuned P100,DenseZone,exact,208.0,243.393200388,35.3932003877,0.153487938498,False,True,True,1.0,"{""maximum_gap"":0,""min_crossings"":5,""min_resultant"":0.15,""min_ring_coherence"":0.15,""minimum_segment"":6,""outer_support_margin"":0.0,""support_weight"":0.5}",method-b-corrected-v2
GanodermaSubsetEven,Ganoderma × glucose/yeast extract,image167,image167_obj1_d000441_300_050_2026-06-15_21-41-45,Retuned P100,SparseZone,exact,252.715254783,230.592714542,22.1225402406,0.095937724158,False,True,True,1.0,"{""maximum_gap"":0,""min_crossings"":5,""min_resultant"":0.15,""min_ring_coherence"":0.15,""minimum_segment"":6,""outer_support_margin"":0.0,""support_weight"":0.5}",method-b-corrected-v2
GanodermaSubsetEven,Ganoderma × glucose/yeast extract,image167,image167_obj2_d000441_300_050_2026-06-15_21-41-45,Legacy control,CoreZone,legacy,79.0840957004,199.060292374,119.976196674,0.517373853591,False,True,True,1.0,"{""intensity_source"":""detect_mat"",""legacy_mode"":true}",method-b-corrected-v2
GanodermaSubsetEven,Ganoderma × glucose/yeast extract,image167,image167_obj2_d000441_300_050_2026-06-15_21-41-45,Legacy control,DenseZone,legacy,149.865996874,198.494332413,48.6283355388,0.209700174276,False,True,True,1.0,"{""intensity_source"":""detect_mat"",""legacy_mode"":true}",method-b-corrected-v2
GanodermaSubsetEven,Ganoderma × glucose/yeast extract,image167,image167_obj2_d000441_300_050_2026-06-15_21-41-45,Legacy control,SparseZone,legacy,240.372465891,231.894588102,8.47787778888,0.0365591877682,False,True,True,1.0,"{""intensity_source"":""detect_mat"",""legacy_mode"":true}",method-b-corrected-v2
GanodermaSubsetEven,Ganoderma × glucose/yeast extract,image167,image167_obj2_d000441_300_050_2026-06-15_21-41-45,Corrected fixed P95,CoreZone,exact,80.0,199.060292374,119.060292374,0.513424195658,False,True,True,0.950008889357,"{""maximum_gap"":0,""min_crossings"":3,""min_resultant"":0.3,""min_ring_coherence"":0.15,""minimum_segment"":8,""outer_support_margin"":0.0,""support_weight"":0.5}",method-b-corrected-v2
GanodermaSubsetEven,Ganoderma × glucose/yeast extract,image167,image167_obj2_d000441_300_050_2026-06-15_21-41-45,Corrected fixed P95,DenseZone,exact,168.0,198.494332413,30.4943324128,0.13150083692,False,True,True,0.950008889357,"{""maximum_gap"":0,""min_crossings"":3,""min_resultant"":0.3,""min_ring_coherence"":0.15,""minimum_segment"":8,""outer_support_margin"":0.0,""support_weight"":0.5}",method-b-corrected-v2
GanodermaSubsetEven,Ganoderma × glucose/yeast extract,image167,image167_obj2_d000441_300_050_2026-06-15_21-41-45,Corrected fixed P95,SparseZone,exact,224.243171579,231.894588102,7.65141652304,0.0329952354027,True,True,True,0.950008889357,"{""maximum_gap"":0,""min_crossings"":3,""min_resultant"":0.3,""min_ring_coherence"":0.15,""minimum_segment"":8,""outer_support_margin"":0.0,""support_weight"":0.5}",method-b-corrected-v2
GanodermaSubsetEven,Ganoderma × glucose/yeast extract,image167,image167_obj2_d000441_300_050_2026-06-15_21-41-45,Corrected fixed P100,CoreZone,exact,72.0,199.060292374,127.060292374,0.547922629043,False,True,True,1.0,"{""maximum_gap"":0,""min_crossings"":3,""min_resultant"":0.3,""min_ring_coherence"":0.15,""minimum_segment"":8,""outer_support_margin"":0.0,""support_weight"":0.5}",method-b-corrected-v2
GanodermaSubsetEven,Ganoderma × glucose/yeast extract,image167,image167_obj2_d000441_300_050_2026-06-15_21-41-45,Corrected fixed P100,DenseZone,exact,200.0,198.494332413,1.50566758721,0.00649289661966,True,True,True,1.0,"{""maximum_gap"":0,""min_crossings"":3,""min_resultant"":0.3,""min_ring_coherence"":0.15,""minimum_segment"":8,""outer_support_margin"":0.0,""support_weight"":0.5}",method-b-corrected-v2
GanodermaSubsetEven,Ganoderma × glucose/yeast extract,image167,image167_obj2_d000441_300_050_2026-06-15_21-41-45,Corrected fixed P100,SparseZone,exact,258.451155927,231.894588102,26.5565678245,0.114519998254,False,True,True,1.0,"{""maximum_gap"":0,""min_crossings"":3,""min_resultant"":0.3,""min_ring_coherence"":0.15,""minimum_segment"":8,""outer_support_margin"":0.0,""support_weight"":0.5}",method-b-corrected-v2
GanodermaSubsetEven,Ganoderma × glucose/yeast extract,image167,image167_obj2_d000441_300_050_2026-06-15_21-41-45,Retuned P95,CoreZone,exact,48.0,199.060292374,151.060292374,0.651417929198,False,True,True,0.950008889357,"{""maximum_gap"":0,""min_crossings"":5,""min_resultant"":0.15,""min_ring_coherence"":0.15,""minimum_segment"":6,""outer_support_margin"":0.0,""support_weight"":0.5}",method-b-corrected-v2
GanodermaSubsetEven,Ganoderma × glucose/yeast extract,image167,image167_obj2_d000441_300_050_2026-06-15_21-41-45,Retuned P95,DenseZone,exact,96.0,198.494332413,102.494332413,0.441986737386,False,True,True,0.950008889357,"{""maximum_gap"":0,""min_crossings"":5,""min_resultant"":0.15,""min_ring_coherence"":0.15,""minimum_segment"":6,""outer_support_margin"":0.0,""support_weight"":0.5}",method-b-corrected-v2
GanodermaSubsetEven,Ganoderma × glucose/yeast extract,image167,image167_obj2_d000441_300_050_2026-06-15_21-41-45,Retuned P95,SparseZone,exact,224.243171579,231.894588102,7.65141652304,0.0329952354027,True,True,True,0.950008889357,"{""maximum_gap"":0,""min_crossings"":5,""min_resultant"":0.15,""min_ring_coherence"":0.15,""minimum_segment"":6,""outer_support_margin"":0.0,""support_weight"":0.5}",method-b-corrected-v2
GanodermaSubsetEven,Ganoderma × glucose/yeast extract,image167,image167_obj2_d000441_300_050_2026-06-15_21-41-45,Retuned P100,CoreZone,exact,48.0,199.060292374,151.060292374,0.651417929198,False,True,True,1.0,"{""maximum_gap"":0,""min_crossings"":5,""min_resultant"":0.15,""min_ring_coherence"":0.15,""minimum_segment"":6,""outer_support_margin"":0.0,""support_weight"":0.5}",method-b-corrected-v2
GanodermaSubsetEven,Ganoderma × glucose/yeast extract,image167,image167_obj2_d000441_300_050_2026-06-15_21-41-45,Retuned P100,DenseZone,exact,216.0,198.494332413,17.5056675872,0.0754897633897,False,True,True,1.0,"{""maximum_gap"":0,""min_crossings"":5,""min_resultant"":0.15,""min_ring_coherence"":0.15,""minimum_segment"":6,""outer_support_margin"":0.0,""support_weight"":0.5}",method-b-corrected-v2
GanodermaSubsetEven,Ganoderma × glucose/yeast extract,image167,image167_obj2_d000441_300_050_2026-06-15_21-41-45,Retuned P100,SparseZone,exact,258.451155927,231.894588102,26.5565678245,0.114519998254,False,True,True,1.0,"{""maximum_gap"":0,""min_crossings"":5,""min_resultant"":0.15,""min_ring_coherence"":0.15,""minimum_segment"":6,""outer_support_margin"":0.0,""support_weight"":0.5}",method-b-corrected-v2
GanodermaSubsetEven,Ganoderma × glucose/yeast extract,image167,image167_obj3_d000441_300_050_2026-06-15_21-41-45,Legacy control,CoreZone,legacy,79.4810414964,209.611545484,130.130503987,0.52153854649,False,True,True,1.0,"{""intensity_source"":""detect_mat"",""legacy_mode"":true}",method-b-corrected-v2
GanodermaSubsetEven,Ganoderma × glucose/yeast extract,image167,image167_obj3_d000441_300_050_2026-06-15_21-41-45,Legacy control,DenseZone,legacy,155.017352273,207.509035948,52.4916836749,0.210376779985,False,True,True,1.0,"{""intensity_source"":""detect_mat"",""legacy_mode"":true}",method-b-corrected-v2
GanodermaSubsetEven,Ganoderma × glucose/yeast extract,image167,image167_obj3_d000441_300_050_2026-06-15_21-41-45,Legacy control,SparseZone,legacy,237.097215543,249.512725115,12.4155095716,0.0497590235765,False,True,True,1.0,"{""intensity_source"":""detect_mat"",""legacy_mode"":true}",method-b-corrected-v2
GanodermaSubsetEven,Ganoderma × glucose/yeast extract,image167,image167_obj3_d000441_300_050_2026-06-15_21-41-45,Corrected fixed P95,CoreZone,exact,72.0,209.611545484,137.611545484,0.551521151557,False,True,True,0.949995247826,"{""maximum_gap"":0,""min_crossings"":3,""min_resultant"":0.3,""min_ring_coherence"":0.15,""minimum_segment"":8,""outer_support_margin"":0.0,""support_weight"":0.5}",method-b-corrected-v2
GanodermaSubsetEven,Ganoderma × glucose/yeast extract,image167,image167_obj3_d000441_300_050_2026-06-15_21-41-45,Corrected fixed P95,DenseZone,exact,176.0,207.509035948,31.5090359478,0.126282280526,False,True,True,0.949995247826,"{""maximum_gap"":0,""min_crossings"":3,""min_resultant"":0.3,""min_ring_coherence"":0.15,""minimum_segment"":8,""outer_support_margin"":0.0,""support_weight"":0.5}",method-b-corrected-v2
GanodermaSubsetEven,Ganoderma × glucose/yeast extract,image167,image167_obj3_d000441_300_050_2026-06-15_21-41-45,Corrected fixed P95,SparseZone,exact,239.770098214,249.512725115,9.74262690033,0.0390466133374,False,True,True,0.949995247826,"{""maximum_gap"":0,""min_crossings"":3,""min_resultant"":0.3,""min_ring_coherence"":0.15,""minimum_segment"":8,""outer_support_margin"":0.0,""support_weight"":0.5}",method-b-corrected-v2
GanodermaSubsetEven,Ganoderma × glucose/yeast extract,image167,image167_obj3_d000441_300_050_2026-06-15_21-41-45,Corrected fixed P100,CoreZone,exact,80.0,209.611545484,129.611545484,0.519458658567,False,True,True,1.0,"{""maximum_gap"":0,""min_crossings"":3,""min_resultant"":0.3,""min_ring_coherence"":0.15,""minimum_segment"":8,""outer_support_margin"":0.0,""support_weight"":0.5}",method-b-corrected-v2
GanodermaSubsetEven,Ganoderma × glucose/yeast extract,image167,image167_obj3_d000441_300_050_2026-06-15_21-41-45,Corrected fixed P100,DenseZone,exact,216.0,207.509035948,8.49096405216,0.0340301844255,False,True,True,1.0,"{""maximum_gap"":0,""min_crossings"":3,""min_resultant"":0.3,""min_ring_coherence"":0.15,""minimum_segment"":8,""outer_support_margin"":0.0,""support_weight"":0.5}",method-b-corrected-v2
GanodermaSubsetEven,Ganoderma × glucose/yeast extract,image167,image167_obj3_d000441_300_050_2026-06-15_21-41-45,Corrected fixed P100,SparseZone,exact,276.557408145,249.512725115,27.0446830304,0.108389995011,False,True,True,1.0,"{""maximum_gap"":0,""min_crossings"":3,""min_resultant"":0.3,""min_ring_coherence"":0.15,""minimum_segment"":8,""outer_support_margin"":0.0,""support_weight"":0.5}",method-b-corrected-v2
GanodermaSubsetEven,Ganoderma × glucose/yeast extract,image167,image167_obj3_d000441_300_050_2026-06-15_21-41-45,Retuned P95,CoreZone,exact,80.0,209.611545484,129.611545484,0.519458658567,False,True,True,0.949995247826,"{""maximum_gap"":0,""min_crossings"":5,""min_resultant"":0.15,""min_ring_coherence"":0.15,""minimum_segment"":6,""outer_support_margin"":0.0,""support_weight"":0.5}",method-b-corrected-v2
GanodermaSubsetEven,Ganoderma × glucose/yeast extract,image167,image167_obj3_d000441_300_050_2026-06-15_21-41-45,Retuned P95,DenseZone,exact,192.0,207.509035948,15.5090359478,0.0621572945456,False,True,True,0.949995247826,"{""maximum_gap"":0,""min_crossings"":5,""min_resultant"":0.15,""min_ring_coherence"":0.15,""minimum_segment"":6,""outer_support_margin"":0.0,""support_weight"":0.5}",method-b-corrected-v2
GanodermaSubsetEven,Ganoderma × glucose/yeast extract,image167,image167_obj3_d000441_300_050_2026-06-15_21-41-45,Retuned P95,SparseZone,exact,239.770098214,249.512725115,9.74262690033,0.0390466133374,False,True,True,0.949995247826,"{""maximum_gap"":0,""min_crossings"":5,""min_resultant"":0.15,""min_ring_coherence"":0.15,""minimum_segment"":6,""outer_support_margin"":0.0,""support_weight"":0.5}",method-b-corrected-v2
GanodermaSubsetEven,Ganoderma × glucose/yeast extract,image167,image167_obj3_d000441_300_050_2026-06-15_21-41-45,Retuned P100,CoreZone,exact,80.0,209.611545484,129.611545484,0.519458658567,False,True,True,1.0,"{""maximum_gap"":0,""min_crossings"":5,""min_resultant"":0.15,""min_ring_coherence"":0.15,""minimum_segment"":6,""outer_support_margin"":0.0,""support_weight"":0.5}",method-b-corrected-v2
GanodermaSubsetEven,Ganoderma × glucose/yeast extract,image167,image167_obj3_d000441_300_050_2026-06-15_21-41-45,Retuned P100,DenseZone,exact,216.0,207.509035948,8.49096405216,0.0340301844255,False,True,True,1.0,"{""maximum_gap"":0,""min_crossings"":5,""min_resultant"":0.15,""min_ring_coherence"":0.15,""minimum_segment"":6,""outer_support_margin"":0.0,""support_weight"":0.5}",method-b-corrected-v2
GanodermaSubsetEven,Ganoderma × glucose/yeast extract,image167,image167_obj3_d000441_300_050_2026-06-15_21-41-45,Retuned P100,SparseZone,exact,276.557408145,249.512725115,27.0446830304,0.108389995011,False,True,True,1.0,"{""maximum_gap"":0,""min_crossings"":5,""min_resultant"":0.15,""min_ring_coherence"":0.15,""minimum_segment"":6,""outer_support_margin"":0.0,""support_weight"":0.5}",method-b-corrected-v2
GanodermaSubsetEven,Ganoderma × glucose/yeast extract,image211,image211_obj1_d000442_300_063_2026-06-16_01-53-04,Legacy control,CoreZone,legacy,153.937196575,384.880046248,230.942849673,0.514286835092,False,True,True,1.0,"{""intensity_source"":""detect_mat"",""legacy_mode"":true}",method-b-corrected-v2
GanodermaSubsetEven,Ganoderma × glucose/yeast extract,image211,image211_obj1_d000442_300_063_2026-06-16_01-53-04,Legacy control,DenseZone,legacy,309.994161246,384.147107239,74.1529459928,0.165131260662,False,True,True,1.0,"{""intensity_source"":""detect_mat"",""legacy_mode"":true}",method-b-corrected-v2
GanodermaSubsetEven,Ganoderma × glucose/yeast extract,image211,image211_obj1_d000442_300_063_2026-06-16_01-53-04,Legacy control,SparseZone,legacy,416.506610332,449.054562386,32.5479520539,0.0724810630605,False,True,True,1.0,"{""intensity_source"":""detect_mat"",""legacy_mode"":true}",method-b-corrected-v2
GanodermaSubsetEven,Ganoderma × glucose/yeast extract,image211,image211_obj1_d000442_300_063_2026-06-16_01-53-04,Corrected fixed P95,CoreZone,exact,88.0,384.880046248,296.880046248,0.661122436147,False,True,True,0.950009310587,"{""maximum_gap"":0,""min_crossings"":3,""min_resultant"":0.3,""min_ring_coherence"":0.15,""minimum_segment"":8,""outer_support_margin"":0.0,""support_weight"":0.5}",method-b-corrected-v2
GanodermaSubsetEven,Ganoderma × glucose/yeast extract,image211,image211_obj1_d000442_300_063_2026-06-16_01-53-04,Corrected fixed P95,DenseZone,exact,360.0,384.147107239,24.1471072389,0.0537732143519,False,True,True,0.950009310587,"{""maximum_gap"":0,""min_crossings"":3,""min_resultant"":0.3,""min_ring_coherence"":0.15,""minimum_segment"":8,""outer_support_margin"":0.0,""support_weight"":0.5}",method-b-corrected-v2
GanodermaSubsetEven,Ganoderma × glucose/yeast extract,image211,image211_obj1_d000442_300_063_2026-06-16_01-53-04,Corrected fixed P95,SparseZone,exact,417.766681295,449.054562386,31.2878810916,0.0696750099261,False,True,True,0.950009310587,"{""maximum_gap"":0,""min_crossings"":3,""min_resultant"":0.3,""min_ring_coherence"":0.15,""minimum_segment"":8,""outer_support_margin"":0.0,""support_weight"":0.5}",method-b-corrected-v2
GanodermaSubsetEven,Ganoderma × glucose/yeast extract,image211,image211_obj1_d000442_300_063_2026-06-16_01-53-04,Corrected fixed P100,CoreZone,exact,88.0,384.880046248,296.880046248,0.661122436147,False,True,True,1.0,"{""maximum_gap"":0,""min_crossings"":3,""min_resultant"":0.3,""min_ring_coherence"":0.15,""minimum_segment"":8,""outer_support_margin"":0.0,""support_weight"":0.5}",method-b-corrected-v2
GanodermaSubsetEven,Ganoderma × glucose/yeast extract,image211,image211_obj1_d000442_300_063_2026-06-16_01-53-04,Corrected fixed P100,DenseZone,exact,408.0,384.147107239,23.8528927611,0.0531180278725,False,True,True,1.0,"{""maximum_gap"":0,""min_crossings"":3,""min_resultant"":0.3,""min_ring_coherence"":0.15,""minimum_segment"":8,""outer_support_margin"":0.0,""support_weight"":0.5}",method-b-corrected-v2
GanodermaSubsetEven,Ganoderma × glucose/yeast extract,image211,image211_obj1_d000442_300_063_2026-06-16_01-53-04,Corrected fixed P100,SparseZone,exact,475.820344248,449.054562386,26.7657818613,0.0596047431722,False,True,True,1.0,"{""maximum_gap"":0,""min_crossings"":3,""min_resultant"":0.3,""min_ring_coherence"":0.15,""minimum_segment"":8,""outer_support_margin"":0.0,""support_weight"":0.5}",method-b-corrected-v2
GanodermaSubsetEven,Ganoderma × glucose/yeast extract,image211,image211_obj1_d000442_300_063_2026-06-16_01-53-04,Retuned P95,CoreZone,exact,128.0,384.880046248,256.880046248,0.57204640096,False,True,True,0.950009310587,"{""maximum_gap"":0,""min_crossings"":5,""min_resultant"":0.15,""min_ring_coherence"":0.15,""minimum_segment"":6,""outer_support_margin"":0.0,""support_weight"":0.5}",method-b-corrected-v2
GanodermaSubsetEven,Ganoderma × glucose/yeast extract,image211,image211_obj1_d000442_300_063_2026-06-16_01-53-04,Retuned P95,DenseZone,exact,376.0,384.147107239,8.14710723888,0.0181428002771,False,True,True,0.950009310587,"{""maximum_gap"":0,""min_crossings"":5,""min_resultant"":0.15,""min_ring_coherence"":0.15,""minimum_segment"":6,""outer_support_margin"":0.0,""support_weight"":0.5}",method-b-corrected-v2
GanodermaSubsetEven,Ganoderma × glucose/yeast extract,image211,image211_obj1_d000442_300_063_2026-06-16_01-53-04,Retuned P95,SparseZone,exact,417.766681295,449.054562386,31.2878810916,0.0696750099261,False,True,True,0.950009310587,"{""maximum_gap"":0,""min_crossings"":5,""min_resultant"":0.15,""min_ring_coherence"":0.15,""minimum_segment"":6,""outer_support_margin"":0.0,""support_weight"":0.5}",method-b-corrected-v2
GanodermaSubsetEven,Ganoderma × glucose/yeast extract,image211,image211_obj1_d000442_300_063_2026-06-16_01-53-04,Retuned P100,CoreZone,exact,88.0,384.880046248,296.880046248,0.661122436147,False,True,True,1.0,"{""maximum_gap"":0,""min_crossings"":5,""min_resultant"":0.15,""min_ring_coherence"":0.15,""minimum_segment"":6,""outer_support_margin"":0.0,""support_weight"":0.5}",method-b-corrected-v2
GanodermaSubsetEven,Ganoderma × glucose/yeast extract,image211,image211_obj1_d000442_300_063_2026-06-16_01-53-04,Retuned P100,DenseZone,exact,408.0,384.147107239,23.8528927611,0.0531180278725,False,True,True,1.0,"{""maximum_gap"":0,""min_crossings"":5,""min_resultant"":0.15,""min_ring_coherence"":0.15,""minimum_segment"":6,""outer_support_margin"":0.0,""support_weight"":0.5}",method-b-corrected-v2
GanodermaSubsetEven,Ganoderma × glucose/yeast extract,image211,image211_obj1_d000442_300_063_2026-06-16_01-53-04,Retuned P100,SparseZone,exact,475.820344248,449.054562386,26.7657818613,0.0596047431722,False,True,True,1.0,"{""maximum_gap"":0,""min_crossings"":5,""min_resultant"":0.15,""min_ring_coherence"":0.15,""minimum_segment"":6,""outer_support_margin"":0.0,""support_weight"":0.5}",method-b-corrected-v2
GanodermaSubsetEven,Ganoderma × glucose/yeast extract,image211,image211_obj2_d000442_300_063_2026-06-16_01-53-04,Legacy control,CoreZone,legacy,65.0935799357,135.148066949,70.0544870131,0.446424311633,False,True,True,1.0,"{""intensity_source"":""detect_mat"",""legacy_mode"":true}",method-b-corrected-v2
GanodermaSubsetEven,Ganoderma × glucose/yeast extract,image211,image211_obj2_d000442_300_063_2026-06-16_01-53-04,Legacy control,DenseZone,legacy,114.049106343,133.003759345,18.9546530023,0.120789092599,False,True,True,1.0,"{""intensity_source"":""detect_mat"",""legacy_mode"":true}",method-b-corrected-v2
GanodermaSubsetEven,Ganoderma × glucose/yeast extract,image211,image211_obj2_d000442_300_063_2026-06-16_01-53-04,Legacy control,SparseZone,legacy,150.510683025,156.923548265,6.41286524011,0.0408661753512,True,True,True,1.0,"{""intensity_source"":""detect_mat"",""legacy_mode"":true}",method-b-corrected-v2
GanodermaSubsetEven,Ganoderma × glucose/yeast extract,image211,image211_obj2_d000442_300_063_2026-06-16_01-53-04,Corrected fixed P95,CoreZone,collapsed,88.0,135.148066949,47.1480669488,0.300452465358,False,True,True,0.950048916841,"{""maximum_gap"":0,""min_crossings"":3,""min_resultant"":0.3,""min_ring_coherence"":0.15,""minimum_segment"":8,""outer_support_margin"":0.0,""support_weight"":0.5}",method-b-corrected-v2
GanodermaSubsetEven,Ganoderma × glucose/yeast extract,image211,image211_obj2_d000442_300_063_2026-06-16_01-53-04,Corrected fixed P95,DenseZone,collapsed,88.0,133.003759345,45.0037593454,0.286787801085,False,True,False,0.950048916841,"{""maximum_gap"":0,""min_crossings"":3,""min_resultant"":0.3,""min_ring_coherence"":0.15,""minimum_segment"":8,""outer_support_margin"":0.0,""support_weight"":0.5}",method-b-corrected-v2
GanodermaSubsetEven,Ganoderma × glucose/yeast extract,image211,image211_obj2_d000442_300_063_2026-06-16_01-53-04,Corrected fixed P95,SparseZone,collapsed,147.566933966,156.923548265,9.35661429918,0.0596253041857,False,True,True,0.950048916841,"{""maximum_gap"":0,""min_crossings"":3,""min_resultant"":0.3,""min_ring_coherence"":0.15,""minimum_segment"":8,""outer_support_margin"":0.0,""support_weight"":0.5}",method-b-corrected-v2
GanodermaSubsetEven,Ganoderma × glucose/yeast extract,image211,image211_obj2_d000442_300_063_2026-06-16_01-53-04,Corrected fixed P100,CoreZone,collapsed,104.0,135.148066949,31.1480669488,0.198491987297,False,True,True,1.0,"{""maximum_gap"":0,""min_crossings"":3,""min_resultant"":0.3,""min_ring_coherence"":0.15,""minimum_segment"":8,""outer_support_margin"":0.0,""support_weight"":0.5}",method-b-corrected-v2
GanodermaSubsetEven,Ganoderma × glucose/yeast extract,image211,image211_obj2_d000442_300_063_2026-06-16_01-53-04,Corrected fixed P100,DenseZone,collapsed,104.0,133.003759345,29.0037593454,0.184827323025,False,True,False,1.0,"{""maximum_gap"":0,""min_crossings"":3,""min_resultant"":0.3,""min_ring_coherence"":0.15,""minimum_segment"":8,""outer_support_margin"":0.0,""support_weight"":0.5}",method-b-corrected-v2
GanodermaSubsetEven,Ganoderma × glucose/yeast extract,image211,image211_obj2_d000442_300_063_2026-06-16_01-53-04,Corrected fixed P100,SparseZone,collapsed,162.828130248,156.923548265,5.90458198306,0.0376271251087,True,True,True,1.0,"{""maximum_gap"":0,""min_crossings"":3,""min_resultant"":0.3,""min_ring_coherence"":0.15,""minimum_segment"":8,""outer_support_margin"":0.0,""support_weight"":0.5}",method-b-corrected-v2
GanodermaSubsetEven,Ganoderma × glucose/yeast extract,image211,image211_obj2_d000442_300_063_2026-06-16_01-53-04,Retuned P95,CoreZone,exact,56.0,135.148066949,79.1480669488,0.504373421478,False,True,True,0.950048916841,"{""maximum_gap"":0,""min_crossings"":5,""min_resultant"":0.15,""min_ring_coherence"":0.15,""minimum_segment"":6,""outer_support_margin"":0.0,""support_weight"":0.5}",method-b-corrected-v2
GanodermaSubsetEven,Ganoderma × glucose/yeast extract,image211,image211_obj2_d000442_300_063_2026-06-16_01-53-04,Retuned P95,DenseZone,exact,104.0,133.003759345,29.0037593454,0.184827323025,False,True,True,0.950048916841,"{""maximum_gap"":0,""min_crossings"":5,""min_resultant"":0.15,""min_ring_coherence"":0.15,""minimum_segment"":6,""outer_support_margin"":0.0,""support_weight"":0.5}",method-b-corrected-v2
GanodermaSubsetEven,Ganoderma × glucose/yeast extract,image211,image211_obj2_d000442_300_063_2026-06-16_01-53-04,Retuned P95,SparseZone,exact,147.566933966,156.923548265,9.35661429918,0.0596253041857,False,True,True,0.950048916841,"{""maximum_gap"":0,""min_crossings"":5,""min_resultant"":0.15,""min_ring_coherence"":0.15,""minimum_segment"":6,""outer_support_margin"":0.0,""support_weight"":0.5}",method-b-corrected-v2
GanodermaSubsetEven,Ganoderma × glucose/yeast extract,image211,image211_obj2_d000442_300_063_2026-06-16_01-53-04,Retuned P100,CoreZone,exact,56.0,135.148066949,79.1480669488,0.504373421478,False,True,True,1.0,"{""maximum_gap"":0,""min_crossings"":5,""min_resultant"":0.15,""min_ring_coherence"":0.15,""minimum_segment"":6,""outer_support_margin"":0.0,""support_weight"":0.5}",method-b-corrected-v2
GanodermaSubsetEven,Ganoderma × glucose/yeast extract,image211,image211_obj2_d000442_300_063_2026-06-16_01-53-04,Retuned P100,DenseZone,exact,112.0,133.003759345,21.0037593454,0.133847083995,False,True,True,1.0,"{""maximum_gap"":0,""min_crossings"":5,""min_resultant"":0.15,""min_ring_coherence"":0.15,""minimum_segment"":6,""outer_support_margin"":0.0,""support_weight"":0.5}",method-b-corrected-v2
GanodermaSubsetEven,Ganoderma × glucose/yeast extract,image211,image211_obj2_d000442_300_063_2026-06-16_01-53-04,Retuned P100,SparseZone,exact,162.828130248,156.923548265,5.90458198306,0.0376271251087,True,True,True,1.0,"{""maximum_gap"":0,""min_crossings"":5,""min_resultant"":0.15,""min_ring_coherence"":0.15,""minimum_segment"":6,""outer_support_margin"":0.0,""support_weight"":0.5}",method-b-corrected-v2
GanodermaSubsetEven,Ganoderma × glucose/yeast extract,image211,image211_obj3_d000442_300_063_2026-06-16_01-53-04,Legacy control,CoreZone,legacy,65.8939509017,135.059246259,69.1652953572,0.451896696349,False,True,True,1.0,"{""intensity_source"":""detect_mat"",""legacy_mode"":true}",method-b-corrected-v2
GanodermaSubsetEven,Ganoderma × glucose/yeast extract,image211,image211_obj3_d000442_300_063_2026-06-16_01-53-04,Legacy control,DenseZone,legacy,114.146758177,133.052996716,18.9062385395,0.123525341607,False,True,True,1.0,"{""intensity_source"":""detect_mat"",""legacy_mode"":true}",method-b-corrected-v2
GanodermaSubsetEven,Ganoderma × glucose/yeast extract,image211,image211_obj3_d000442_300_063_2026-06-16_01-53-04,Legacy control,SparseZone,legacy,150.382472458,153.055545473,2.67307301457,0.0174647250206,True,True,True,1.0,"{""intensity_source"":""detect_mat"",""legacy_mode"":true}",method-b-corrected-v2
GanodermaSubsetEven,Ganoderma × glucose/yeast extract,image211,image211_obj3_d000442_300_063_2026-06-16_01-53-04,Corrected fixed P95,CoreZone,collapsed,88.0,135.059246259,47.0592462588,0.307465150076,False,True,True,0.950234915047,"{""maximum_gap"":0,""min_crossings"":3,""min_resultant"":0.3,""min_ring_coherence"":0.15,""minimum_segment"":8,""outer_support_margin"":0.0,""support_weight"":0.5}",method-b-corrected-v2
GanodermaSubsetEven,Ganoderma × glucose/yeast extract,image211,image211_obj3_d000442_300_063_2026-06-16_01-53-04,Corrected fixed P95,DenseZone,collapsed,88.0,133.052996716,45.0529967162,0.29435716672,False,True,False,0.950234915047,"{""maximum_gap"":0,""min_crossings"":3,""min_resultant"":0.3,""min_ring_coherence"":0.15,""minimum_segment"":8,""outer_support_margin"":0.0,""support_weight"":0.5}",method-b-corrected-v2
GanodermaSubsetEven,Ganoderma × glucose/yeast extract,image211,image211_obj3_d000442_300_063_2026-06-16_01-53-04,Corrected fixed P95,SparseZone,collapsed,146.372811683,153.055545473,6.68273378983,0.0436621474197,True,True,True,0.950234915047,"{""maximum_gap"":0,""min_crossings"":3,""min_resultant"":0.3,""min_ring_coherence"":0.15,""minimum_segment"":8,""outer_support_margin"":0.0,""support_weight"":0.5}",method-b-corrected-v2
GanodermaSubsetEven,Ganoderma × glucose/yeast extract,image211,image211_obj3_d000442_300_063_2026-06-16_01-53-04,Corrected fixed P100,CoreZone,collapsed,104.0,135.059246259,31.0592462588,0.202927938108,False,True,True,1.0,"{""maximum_gap"":0,""min_crossings"":3,""min_resultant"":0.3,""min_ring_coherence"":0.15,""minimum_segment"":8,""outer_support_margin"":0.0,""support_weight"":0.5}",method-b-corrected-v2
GanodermaSubsetEven,Ganoderma × glucose/yeast extract,image211,image211_obj3_d000442_300_063_2026-06-16_01-53-04,Corrected fixed P100,DenseZone,collapsed,104.0,133.052996716,29.0529967162,0.189819954752,False,True,False,1.0,"{""maximum_gap"":0,""min_crossings"":3,""min_resultant"":0.3,""min_ring_coherence"":0.15,""minimum_segment"":8,""outer_support_margin"":0.0,""support_weight"":0.5}",method-b-corrected-v2
GanodermaSubsetEven,Ganoderma × glucose/yeast extract,image211,image211_obj3_d000442_300_063_2026-06-16_01-53-04,Corrected fixed P100,SparseZone,collapsed,164.830215677,153.055545473,11.7746702037,0.076930699684,False,True,True,1.0,"{""maximum_gap"":0,""min_crossings"":3,""min_resultant"":0.3,""min_ring_coherence"":0.15,""minimum_segment"":8,""outer_support_margin"":0.0,""support_weight"":0.5}",method-b-corrected-v2
GanodermaSubsetEven,Ganoderma × glucose/yeast extract,image211,image211_obj3_d000442_300_063_2026-06-16_01-53-04,Retuned P95,CoreZone,exact,48.0,135.059246259,87.0592462588,0.568808179997,False,True,True,0.950234915047,"{""maximum_gap"":0,""min_crossings"":5,""min_resultant"":0.15,""min_ring_coherence"":0.15,""minimum_segment"":6,""outer_support_margin"":0.0,""support_weight"":0.5}",method-b-corrected-v2
GanodermaSubsetEven,Ganoderma × glucose/yeast extract,image211,image211_obj3_d000442_300_063_2026-06-16_01-53-04,Retuned P95,DenseZone,exact,96.0,133.052996716,37.0529967162,0.242088560736,False,True,True,0.950234915047,"{""maximum_gap"":0,""min_crossings"":5,""min_resultant"":0.15,""min_ring_coherence"":0.15,""minimum_segment"":6,""outer_support_margin"":0.0,""support_weight"":0.5}",method-b-corrected-v2
GanodermaSubsetEven,Ganoderma × glucose/yeast extract,image211,image211_obj3_d000442_300_063_2026-06-16_01-53-04,Retuned P95,SparseZone,exact,146.372811683,153.055545473,6.68273378983,0.0436621474197,True,True,True,0.950234915047,"{""maximum_gap"":0,""min_crossings"":5,""min_resultant"":0.15,""min_ring_coherence"":0.15,""minimum_segment"":6,""outer_support_margin"":0.0,""support_weight"":0.5}",method-b-corrected-v2
GanodermaSubsetEven,Ganoderma × glucose/yeast extract,image211,image211_obj3_d000442_300_063_2026-06-16_01-53-04,Retuned P100,CoreZone,exact,56.0,135.059246259,79.0592462588,0.516539574013,False,True,True,1.0,"{""maximum_gap"":0,""min_crossings"":5,""min_resultant"":0.15,""min_ring_coherence"":0.15,""minimum_segment"":6,""outer_support_margin"":0.0,""support_weight"":0.5}",method-b-corrected-v2
GanodermaSubsetEven,Ganoderma × glucose/yeast extract,image211,image211_obj3_d000442_300_063_2026-06-16_01-53-04,Retuned P100,DenseZone,exact,120.0,133.052996716,13.0529967162,0.0852827427841,False,True,True,1.0,"{""maximum_gap"":0,""min_crossings"":5,""min_resultant"":0.15,""min_ring_coherence"":0.15,""minimum_segment"":6,""outer_support_margin"":0.0,""support_weight"":0.5}",method-b-corrected-v2
GanodermaSubsetEven,Ganoderma × glucose/yeast extract,image211,image211_obj3_d000442_300_063_2026-06-16_01-53-04,Retuned P100,SparseZone,exact,164.830215677,153.055545473,11.7746702037,0.076930699684,False,True,True,1.0,"{""maximum_gap"":0,""min_crossings"":5,""min_resultant"":0.15,""min_ring_coherence"":0.15,""minimum_segment"":6,""outer_support_margin"":0.0,""support_weight"":0.5}",method-b-corrected-v2
NeurosporaMenadione,Neurospora crassa × menadione,image29,Image29_obj1_d000273_300_006_2025-12-12_03-05-12_rgb,Legacy control,CoreZone,legacy,32.9528003378,38.2099463491,5.25714601125,0.0480671242675,True,True,True,1.0,"{""intensity_source"":""detect_mat"",""legacy_mode"":true}",method-b-corrected-v2
NeurosporaMenadione,Neurospora crassa × menadione,image29,Image29_obj1_d000273_300_006_2025-12-12_03-05-12_rgb,Legacy control,DenseZone,legacy,75.0873452155,90.0777441991,14.9903989836,0.137060178512,False,True,True,1.0,"{""intensity_source"":""detect_mat"",""legacy_mode"":true}",method-b-corrected-v2
NeurosporaMenadione,Neurospora crassa × menadione,image29,Image29_obj1_d000273_300_006_2025-12-12_03-05-12_rgb,Legacy control,SparseZone,legacy,123.866233583,109.370928496,14.4953050871,0.132533437235,False,True,True,1.0,"{""intensity_source"":""detect_mat"",""legacy_mode"":true}",method-b-corrected-v2
NeurosporaMenadione,Neurospora crassa × menadione,image29,Image29_obj1_d000273_300_006_2025-12-12_03-05-12_rgb,Corrected fixed P95,CoreZone,exact,40.0,38.2099463491,1.79005365091,0.016366814066,True,True,True,0.950192449848,"{""maximum_gap"":0,""min_crossings"":3,""min_resultant"":0.15,""min_ring_coherence"":0.15,""minimum_segment"":4,""outer_support_margin"":0.0,""support_weight"":4.0}",method-b-corrected-v2
NeurosporaMenadione,Neurospora crassa × menadione,image29,Image29_obj1_d000273_300_006_2025-12-12_03-05-12_rgb,Corrected fixed P95,DenseZone,exact,88.0,90.0777441991,2.07774419911,0.018997225567,True,True,True,0.950192449848,"{""maximum_gap"":0,""min_crossings"":3,""min_resultant"":0.15,""min_ring_coherence"":0.15,""minimum_segment"":4,""outer_support_margin"":0.0,""support_weight"":4.0}",method-b-corrected-v2
NeurosporaMenadione,Neurospora crassa × menadione,image29,Image29_obj1_d000273_300_006_2025-12-12_03-05-12_rgb,Corrected fixed P95,SparseZone,exact,113.991227733,109.370928496,4.62029923702,0.0422443084334,True,True,True,0.950192449848,"{""maximum_gap"":0,""min_crossings"":3,""min_resultant"":0.15,""min_ring_coherence"":0.15,""minimum_segment"":4,""outer_support_margin"":0.0,""support_weight"":4.0}",method-b-corrected-v2
NeurosporaMenadione,Neurospora crassa × menadione,image29,Image29_obj1_d000273_300_006_2025-12-12_03-05-12_rgb,Corrected fixed P100,CoreZone,exact,40.0,38.2099463491,1.79005365091,0.016366814066,True,True,True,1.0,"{""maximum_gap"":0,""min_crossings"":3,""min_resultant"":0.15,""min_ring_coherence"":0.15,""minimum_segment"":4,""outer_support_margin"":0.0,""support_weight"":4.0}",method-b-corrected-v2
NeurosporaMenadione,Neurospora crassa × menadione,image29,Image29_obj1_d000273_300_006_2025-12-12_03-05-12_rgb,Corrected fixed P100,DenseZone,exact,104.0,90.0777441991,13.9222558009,0.127293934434,False,True,True,1.0,"{""maximum_gap"":0,""min_crossings"":3,""min_resultant"":0.15,""min_ring_coherence"":0.15,""minimum_segment"":4,""outer_support_margin"":0.0,""support_weight"":4.0}",method-b-corrected-v2
NeurosporaMenadione,Neurospora crassa × menadione,image29,Image29_obj1_d000273_300_006_2025-12-12_03-05-12_rgb,Corrected fixed P100,SparseZone,exact,133.958948936,109.370928496,24.5880204402,0.22481312702,False,True,True,1.0,"{""maximum_gap"":0,""min_crossings"":3,""min_resultant"":0.15,""min_ring_coherence"":0.15,""minimum_segment"":4,""outer_support_margin"":0.0,""support_weight"":4.0}",method-b-corrected-v2
NeurosporaMenadione,Neurospora crassa × menadione,image29,Image29_obj1_d000273_300_006_2025-12-12_03-05-12_rgb,Retuned P95,CoreZone,exact,40.0,38.2099463491,1.79005365091,0.016366814066,True,True,True,0.950192449848,"{""maximum_gap"":0,""min_crossings"":5,""min_resultant"":0.15,""min_ring_coherence"":0.15,""minimum_segment"":4,""outer_support_margin"":0.0,""support_weight"":4.0}",method-b-corrected-v2
NeurosporaMenadione,Neurospora crassa × menadione,image29,Image29_obj1_d000273_300_006_2025-12-12_03-05-12_rgb,Retuned P95,DenseZone,exact,88.0,90.0777441991,2.07774419911,0.018997225567,True,True,True,0.950192449848,"{""maximum_gap"":0,""min_crossings"":5,""min_resultant"":0.15,""min_ring_coherence"":0.15,""minimum_segment"":4,""outer_support_margin"":0.0,""support_weight"":4.0}",method-b-corrected-v2
NeurosporaMenadione,Neurospora crassa × menadione,image29,Image29_obj1_d000273_300_006_2025-12-12_03-05-12_rgb,Retuned P95,SparseZone,exact,113.991227733,109.370928496,4.62029923702,0.0422443084334,True,True,True,0.950192449848,"{""maximum_gap"":0,""min_crossings"":5,""min_resultant"":0.15,""min_ring_coherence"":0.15,""minimum_segment"":4,""outer_support_margin"":0.0,""support_weight"":4.0}",method-b-corrected-v2
NeurosporaMenadione,Neurospora crassa × menadione,image29,Image29_obj1_d000273_300_006_2025-12-12_03-05-12_rgb,Retuned P100,CoreZone,exact,40.0,38.2099463491,1.79005365091,0.016366814066,True,True,True,1.0,"{""maximum_gap"":0,""min_crossings"":5,""min_resultant"":0.15,""min_ring_coherence"":0.15,""minimum_segment"":4,""outer_support_margin"":0.0,""support_weight"":4.0}",method-b-corrected-v2
NeurosporaMenadione,Neurospora crassa × menadione,image29,Image29_obj1_d000273_300_006_2025-12-12_03-05-12_rgb,Retuned P100,DenseZone,exact,104.0,90.0777441991,13.9222558009,0.127293934434,False,True,True,1.0,"{""maximum_gap"":0,""min_crossings"":5,""min_resultant"":0.15,""min_ring_coherence"":0.15,""minimum_segment"":4,""outer_support_margin"":0.0,""support_weight"":4.0}",method-b-corrected-v2
NeurosporaMenadione,Neurospora crassa × menadione,image29,Image29_obj1_d000273_300_006_2025-12-12_03-05-12_rgb,Retuned P100,SparseZone,exact,133.958948936,109.370928496,24.5880204402,0.22481312702,False,True,True,1.0,"{""maximum_gap"":0,""min_crossings"":5,""min_resultant"":0.15,""min_ring_coherence"":0.15,""minimum_segment"":4,""outer_support_margin"":0.0,""support_weight"":4.0}",method-b-corrected-v2
NeurosporaMenadione,Neurospora crassa × menadione,image29,Image29_obj2_d000273_300_006_2025-12-12_03-05-12_rgb,Legacy control,CoreZone,legacy,33.7220277621,38.8458406778,5.12381291577,0.060787071753,True,True,True,1.0,"{""intensity_source"":""detect_mat"",""legacy_mode"":true}",method-b-corrected-v2
NeurosporaMenadione,Neurospora crassa × menadione,image29,Image29_obj2_d000273_300_006_2025-12-12_03-05-12_rgb,Legacy control,DenseZone,legacy,52.9871946307,62.2896460096,9.30245137888,0.110360934082,False,True,True,1.0,"{""intensity_source"":""detect_mat"",""legacy_mode"":true}",method-b-corrected-v2
NeurosporaMenadione,Neurospora crassa × menadione,image29,Image29_obj2_d000273_300_006_2025-12-12_03-05-12_rgb,Legacy control,SparseZone,legacy,83.3826696609,84.2911620515,0.908492390613,0.010778026646,True,True,True,1.0,"{""intensity_source"":""detect_mat"",""legacy_mode"":true}",method-b-corrected-v2
NeurosporaMenadione,Neurospora crassa × menadione,image29,Image29_obj2_d000273_300_006_2025-12-12_03-05-12_rgb,Corrected fixed P95,CoreZone,exact,32.0,38.8458406778,6.84584067783,0.0812165891561,True,True,True,0.95008835826,"{""maximum_gap"":0,""min_crossings"":3,""min_resultant"":0.15,""min_ring_coherence"":0.15,""minimum_segment"":4,""outer_support_margin"":0.0,""support_weight"":4.0}",method-b-corrected-v2
NeurosporaMenadione,Neurospora crassa × menadione,image29,Image29_obj2_d000273_300_006_2025-12-12_03-05-12_rgb,Corrected fixed P95,DenseZone,exact,64.0,62.2896460096,1.71035399041,0.0202910239791,True,True,True,0.95008835826,"{""maximum_gap"":0,""min_crossings"":3,""min_resultant"":0.15,""min_ring_coherence"":0.15,""minimum_segment"":4,""outer_support_margin"":0.0,""support_weight"":4.0}",method-b-corrected-v2
NeurosporaMenadione,Neurospora crassa × menadione,image29,Image29_obj2_d000273_300_006_2025-12-12_03-05-12_rgb,Corrected fixed P95,SparseZone,exact,92.6552750792,84.2911620515,8.36411302764,0.0992288257045,False,True,True,0.95008835826,"{""maximum_gap"":0,""min_crossings"":3,""min_resultant"":0.15,""min_ring_coherence"":0.15,""minimum_segment"":4,""outer_support_margin"":0.0,""support_weight"":4.0}",method-b-corrected-v2
NeurosporaMenadione,Neurospora crassa × menadione,image29,Image29_obj2_d000273_300_006_2025-12-12_03-05-12_rgb,Corrected fixed P100,CoreZone,exact,40.0,38.8458406778,1.15415932217,0.0136925306768,True,True,True,1.0,"{""maximum_gap"":0,""min_crossings"":3,""min_resultant"":0.15,""min_ring_coherence"":0.15,""minimum_segment"":4,""outer_support_margin"":0.0,""support_weight"":4.0}",method-b-corrected-v2
NeurosporaMenadione,Neurospora crassa × menadione,image29,Image29_obj2_d000273_300_006_2025-12-12_03-05-12_rgb,Corrected fixed P100,DenseZone,exact,80.0,62.2896460096,17.7103539904,0.210109263645,False,True,True,1.0,"{""maximum_gap"":0,""min_crossings"":3,""min_resultant"":0.15,""min_ring_coherence"":0.15,""minimum_segment"":4,""outer_support_margin"":0.0,""support_weight"":4.0}",method-b-corrected-v2
NeurosporaMenadione,Neurospora crassa × menadione,image29,Image29_obj2_d000273_300_006_2025-12-12_03-05-12_rgb,Corrected fixed P100,SparseZone,exact,117.337121151,84.2911620515,33.0459590994,0.39204536152,False,True,True,1.0,"{""maximum_gap"":0,""min_crossings"":3,""min_resultant"":0.15,""min_ring_coherence"":0.15,""minimum_segment"":4,""outer_support_margin"":0.0,""support_weight"":4.0}",method-b-corrected-v2
NeurosporaMenadione,Neurospora crassa × menadione,image29,Image29_obj2_d000273_300_006_2025-12-12_03-05-12_rgb,Retuned P95,CoreZone,exact,32.0,38.8458406778,6.84584067783,0.0812165891561,True,True,True,0.95008835826,"{""maximum_gap"":0,""min_crossings"":5,""min_resultant"":0.15,""min_ring_coherence"":0.15,""minimum_segment"":4,""outer_support_margin"":0.0,""support_weight"":4.0}",method-b-corrected-v2
NeurosporaMenadione,Neurospora crassa × menadione,image29,Image29_obj2_d000273_300_006_2025-12-12_03-05-12_rgb,Retuned P95,DenseZone,exact,64.0,62.2896460096,1.71035399041,0.0202910239791,True,True,True,0.95008835826,"{""maximum_gap"":0,""min_crossings"":5,""min_resultant"":0.15,""min_ring_coherence"":0.15,""minimum_segment"":4,""outer_support_margin"":0.0,""support_weight"":4.0}",method-b-corrected-v2
NeurosporaMenadione,Neurospora crassa × menadione,image29,Image29_obj2_d000273_300_006_2025-12-12_03-05-12_rgb,Retuned P95,SparseZone,exact,92.6552750792,84.2911620515,8.36411302764,0.0992288257045,False,True,True,0.95008835826,"{""maximum_gap"":0,""min_crossings"":5,""min_resultant"":0.15,""min_ring_coherence"":0.15,""minimum_segment"":4,""outer_support_margin"":0.0,""support_weight"":4.0}",method-b-corrected-v2
NeurosporaMenadione,Neurospora crassa × menadione,image29,Image29_obj2_d000273_300_006_2025-12-12_03-05-12_rgb,Retuned P100,CoreZone,exact,40.0,38.8458406778,1.15415932217,0.0136925306768,True,True,True,1.0,"{""maximum_gap"":0,""min_crossings"":5,""min_resultant"":0.15,""min_ring_coherence"":0.15,""minimum_segment"":4,""outer_support_margin"":0.0,""support_weight"":4.0}",method-b-corrected-v2
NeurosporaMenadione,Neurospora crassa × menadione,image29,Image29_obj2_d000273_300_006_2025-12-12_03-05-12_rgb,Retuned P100,DenseZone,exact,80.0,62.2896460096,17.7103539904,0.210109263645,False,True,True,1.0,"{""maximum_gap"":0,""min_crossings"":5,""min_resultant"":0.15,""min_ring_coherence"":0.15,""minimum_segment"":4,""outer_support_margin"":0.0,""support_weight"":4.0}",method-b-corrected-v2
NeurosporaMenadione,Neurospora crassa × menadione,image29,Image29_obj2_d000273_300_006_2025-12-12_03-05-12_rgb,Retuned P100,SparseZone,exact,117.337121151,84.2911620515,33.0459590994,0.39204536152,False,True,True,1.0,"{""maximum_gap"":0,""min_crossings"":5,""min_resultant"":0.15,""min_ring_coherence"":0.15,""minimum_segment"":4,""outer_support_margin"":0.0,""support_weight"":4.0}",method-b-corrected-v2
NeurosporaMenadione,Neurospora crassa × menadione,image29,Image29_obj3_d000273_300_006_2025-12-12_03-05-12_rgb,Legacy control,CoreZone,legacy,31.1662945733,32.9848450049,1.81855043163,0.0195182317907,True,True,True,1.0,"{""intensity_source"":""detect_mat"",""legacy_mode"":true}",method-b-corrected-v2
NeurosporaMenadione,Neurospora crassa × menadione,image29,Image29_obj3_d000273_300_006_2025-12-12_03-05-12_rgb,Legacy control,DenseZone,legacy,68.4790115509,66.8019333951,1.67707815581,0.0179998308581,True,True,True,1.0,"{""intensity_source"":""detect_mat"",""legacy_mode"":true}",method-b-corrected-v2
NeurosporaMenadione,Neurospora crassa × menadione,image29,Image29_obj3_d000273_300_006_2025-12-12_03-05-12_rgb,Legacy control,SparseZone,legacy,113.673811282,93.1718841711,20.5019271113,0.220044139857,False,True,True,1.0,"{""intensity_source"":""detect_mat"",""legacy_mode"":true}",method-b-corrected-v2
NeurosporaMenadione,Neurospora crassa × menadione,image29,Image29_obj3_d000273_300_006_2025-12-12_03-05-12_rgb,Corrected fixed P95,CoreZone,exact,40.0,32.9848450049,7.01515499506,0.0752926170536,True,True,True,0.950095461889,"{""maximum_gap"":0,""min_crossings"":3,""min_resultant"":0.15,""min_ring_coherence"":0.15,""minimum_segment"":4,""outer_support_margin"":0.0,""support_weight"":4.0}",method-b-corrected-v2
NeurosporaMenadione,Neurospora crassa × menadione,image29,Image29_obj3_d000273_300_006_2025-12-12_03-05-12_rgb,Corrected fixed P95,DenseZone,exact,72.0,66.8019333951,5.19806660491,0.0557900771371,True,True,True,0.950095461889,"{""maximum_gap"":0,""min_crossings"":3,""min_resultant"":0.15,""min_ring_coherence"":0.15,""minimum_segment"":4,""outer_support_margin"":0.0,""support_weight"":4.0}",method-b-corrected-v2
NeurosporaMenadione,Neurospora crassa × menadione,image29,Image29_obj3_d000273_300_006_2025-12-12_03-05-12_rgb,Corrected fixed P95,SparseZone,exact,103.740059765,93.1718841711,10.5681755936,0.113426659637,False,True,True,0.950095461889,"{""maximum_gap"":0,""min_crossings"":3,""min_resultant"":0.15,""min_ring_coherence"":0.15,""minimum_segment"":4,""outer_support_margin"":0.0,""support_weight"":4.0}",method-b-corrected-v2
NeurosporaMenadione,Neurospora crassa × menadione,image29,Image29_obj3_d000273_300_006_2025-12-12_03-05-12_rgb,Corrected fixed P100,CoreZone,exact,40.0,32.9848450049,7.01515499506,0.0752926170536,True,True,True,1.0,"{""maximum_gap"":0,""min_crossings"":3,""min_resultant"":0.15,""min_ring_coherence"":0.15,""minimum_segment"":4,""outer_support_margin"":0.0,""support_weight"":4.0}",method-b-corrected-v2
NeurosporaMenadione,Neurospora crassa × menadione,image29,Image29_obj3_d000273_300_006_2025-12-12_03-05-12_rgb,Corrected fixed P100,DenseZone,exact,96.0,66.8019333951,29.1980666049,0.313378513965,False,True,True,1.0,"{""maximum_gap"":0,""min_crossings"":3,""min_resultant"":0.15,""min_ring_coherence"":0.15,""minimum_segment"":4,""outer_support_margin"":0.0,""support_weight"":4.0}",method-b-corrected-v2
NeurosporaMenadione,Neurospora crassa × menadione,image29,Image29_obj3_d000273_300_006_2025-12-12_03-05-12_rgb,Corrected fixed P100,SparseZone,exact,126.696487718,93.1718841711,33.5246035466,0.359814592619,False,True,True,1.0,"{""maximum_gap"":0,""min_crossings"":3,""min_resultant"":0.15,""min_ring_coherence"":0.15,""minimum_segment"":4,""outer_support_margin"":0.0,""support_weight"":4.0}",method-b-corrected-v2
NeurosporaMenadione,Neurospora crassa × menadione,image29,Image29_obj3_d000273_300_006_2025-12-12_03-05-12_rgb,Retuned P95,CoreZone,exact,32.0,32.9848450049,0.984845004941,0.0105701952225,True,True,True,0.950095461889,"{""maximum_gap"":0,""min_crossings"":5,""min_resultant"":0.15,""min_ring_coherence"":0.15,""minimum_segment"":4,""outer_support_margin"":0.0,""support_weight"":4.0}",method-b-corrected-v2
NeurosporaMenadione,Neurospora crassa × menadione,image29,Image29_obj3_d000273_300_006_2025-12-12_03-05-12_rgb,Retuned P95,DenseZone,exact,72.0,66.8019333951,5.19806660491,0.0557900771371,True,True,True,0.950095461889,"{""maximum_gap"":0,""min_crossings"":5,""min_resultant"":0.15,""min_ring_coherence"":0.15,""minimum_segment"":4,""outer_support_margin"":0.0,""support_weight"":4.0}",method-b-corrected-v2
NeurosporaMenadione,Neurospora crassa × menadione,image29,Image29_obj3_d000273_300_006_2025-12-12_03-05-12_rgb,Retuned P95,SparseZone,exact,103.740059765,93.1718841711,10.5681755936,0.113426659637,False,True,True,0.950095461889,"{""maximum_gap"":0,""min_crossings"":5,""min_resultant"":0.15,""min_ring_coherence"":0.15,""minimum_segment"":4,""outer_support_margin"":0.0,""support_weight"":4.0}",method-b-corrected-v2
NeurosporaMenadione,Neurospora crassa × menadione,image29,Image29_obj3_d000273_300_006_2025-12-12_03-05-12_rgb,Retuned P100,CoreZone,exact,32.0,32.9848450049,0.984845004941,0.0105701952225,True,True,True,1.0,"{""maximum_gap"":0,""min_crossings"":5,""min_resultant"":0.15,""min_ring_coherence"":0.15,""minimum_segment"":4,""outer_support_margin"":0.0,""support_weight"":4.0}",method-b-corrected-v2
NeurosporaMenadione,Neurospora crassa × menadione,image29,Image29_obj3_d000273_300_006_2025-12-12_03-05-12_rgb,Retuned P100,DenseZone,exact,96.0,66.8019333951,29.1980666049,0.313378513965,False,True,True,1.0,"{""maximum_gap"":0,""min_crossings"":5,""min_resultant"":0.15,""min_ring_coherence"":0.15,""minimum_segment"":4,""outer_support_margin"":0.0,""support_weight"":4.0}",method-b-corrected-v2
NeurosporaMenadione,Neurospora crassa × menadione,image29,Image29_obj3_d000273_300_006_2025-12-12_03-05-12_rgb,Retuned P100,SparseZone,exact,126.696487718,93.1718841711,33.5246035466,0.359814592619,False,True,True,1.0,"{""maximum_gap"":0,""min_crossings"":5,""min_resultant"":0.15,""min_ring_coherence"":0.15,""minimum_segment"":4,""outer_support_margin"":0.0,""support_weight"":4.0}",method-b-corrected-v2
NeurosporaMenadione,Neurospora crassa × menadione,image29,Image29_obj4_d000273_300_006_2025-12-12_03-05-12_rgb,Legacy control,CoreZone,legacy,33.2625251708,31.304951685,1.95757348583,0.0166468816753,True,True,True,1.0,"{""intensity_source"":""detect_mat"",""legacy_mode"":true}",method-b-corrected-v2
NeurosporaMenadione,Neurospora crassa × menadione,image29,Image29_obj4_d000273_300_006_2025-12-12_03-05-12_rgb,Legacy control,DenseZone,legacy,92.2402423534,78.6622468772,13.5779954762,0.115465031436,False,True,True,1.0,"{""intensity_source"":""detect_mat"",""legacy_mode"":true}",method-b-corrected-v2
NeurosporaMenadione,Neurospora crassa × menadione,image29,Image29_obj4_d000273_300_006_2025-12-12_03-05-12_rgb,Legacy control,SparseZone,legacy,140.702850072,117.594004932,23.1088451407,0.196513803183,False,True,True,1.0,"{""intensity_source"":""detect_mat"",""legacy_mode"":true}",method-b-corrected-v2
NeurosporaMenadione,Neurospora crassa × menadione,image29,Image29_obj4_d000273_300_006_2025-12-12_03-05-12_rgb,Corrected fixed P95,CoreZone,exact,32.0,31.304951685,0.695048315003,0.00591057609958,True,True,True,0.950138970774,"{""maximum_gap"":0,""min_crossings"":3,""min_resultant"":0.15,""min_ring_coherence"":0.15,""minimum_segment"":4,""outer_support_margin"":0.0,""support_weight"":4.0}",method-b-corrected-v2
NeurosporaMenadione,Neurospora crassa × menadione,image29,Image29_obj4_d000273_300_006_2025-12-12_03-05-12_rgb,Corrected fixed P95,DenseZone,exact,72.0,78.6622468772,6.66224687725,0.0566546473276,True,True,True,0.950138970774,"{""maximum_gap"":0,""min_crossings"":3,""min_resultant"":0.15,""min_ring_coherence"":0.15,""minimum_segment"":4,""outer_support_margin"":0.0,""support_weight"":4.0}",method-b-corrected-v2
NeurosporaMenadione,Neurospora crassa × menadione,image29,Image29_obj4_d000273_300_006_2025-12-12_03-05-12_rgb,Corrected fixed P95,SparseZone,exact,126.194294641,117.594004932,8.6002897095,0.0731354435499,False,True,True,0.950138970774,"{""maximum_gap"":0,""min_crossings"":3,""min_resultant"":0.15,""min_ring_coherence"":0.15,""minimum_segment"":4,""outer_support_margin"":0.0,""support_weight"":4.0}",method-b-corrected-v2
NeurosporaMenadione,Neurospora crassa × menadione,image29,Image29_obj4_d000273_300_006_2025-12-12_03-05-12_rgb,Corrected fixed P100,CoreZone,exact,32.0,31.304951685,0.695048315003,0.00591057609958,True,True,True,1.0,"{""maximum_gap"":0,""min_crossings"":3,""min_resultant"":0.15,""min_ring_coherence"":0.15,""minimum_segment"":4,""outer_support_margin"":0.0,""support_weight"":4.0}",method-b-corrected-v2
NeurosporaMenadione,Neurospora crassa × menadione,image29,Image29_obj4_d000273_300_006_2025-12-12_03-05-12_rgb,Corrected fixed P100,DenseZone,exact,120.0,78.6622468772,41.3377531228,0.351529426579,False,True,True,1.0,"{""maximum_gap"":0,""min_crossings"":3,""min_resultant"":0.15,""min_ring_coherence"":0.15,""minimum_segment"":4,""outer_support_margin"":0.0,""support_weight"":4.0}",method-b-corrected-v2
NeurosporaMenadione,Neurospora crassa × menadione,image29,Image29_obj4_d000273_300_006_2025-12-12_03-05-12_rgb,Corrected fixed P100,SparseZone,exact,149.566038926,117.594004932,31.9720339942,0.271884897642,False,True,True,1.0,"{""maximum_gap"":0,""min_crossings"":3,""min_resultant"":0.15,""min_ring_coherence"":0.15,""minimum_segment"":4,""outer_support_margin"":0.0,""support_weight"":4.0}",method-b-corrected-v2
NeurosporaMenadione,Neurospora crassa × menadione,image29,Image29_obj4_d000273_300_006_2025-12-12_03-05-12_rgb,Retuned P95,CoreZone,exact,32.0,31.304951685,0.695048315003,0.00591057609958,True,True,True,0.950138970774,"{""maximum_gap"":0,""min_crossings"":5,""min_resultant"":0.15,""min_ring_coherence"":0.15,""minimum_segment"":4,""outer_support_margin"":0.0,""support_weight"":4.0}",method-b-corrected-v2
NeurosporaMenadione,Neurospora crassa × menadione,image29,Image29_obj4_d000273_300_006_2025-12-12_03-05-12_rgb,Retuned P95,DenseZone,exact,72.0,78.6622468772,6.66224687725,0.0566546473276,True,True,True,0.950138970774,"{""maximum_gap"":0,""min_crossings"":5,""min_resultant"":0.15,""min_ring_coherence"":0.15,""minimum_segment"":4,""outer_support_margin"":0.0,""support_weight"":4.0}",method-b-corrected-v2
NeurosporaMenadione,Neurospora crassa × menadione,image29,Image29_obj4_d000273_300_006_2025-12-12_03-05-12_rgb,Retuned P95,SparseZone,exact,126.194294641,117.594004932,8.6002897095,0.0731354435499,False,True,True,0.950138970774,"{""maximum_gap"":0,""min_crossings"":5,""min_resultant"":0.15,""min_ring_coherence"":0.15,""minimum_segment"":4,""outer_support_margin"":0.0,""support_weight"":4.0}",method-b-corrected-v2
NeurosporaMenadione,Neurospora crassa × menadione,image29,Image29_obj4_d000273_300_006_2025-12-12_03-05-12_rgb,Retuned P100,CoreZone,exact,32.0,31.304951685,0.695048315003,0.00591057609958,True,True,True,1.0,"{""maximum_gap"":0,""min_crossings"":5,""min_resultant"":0.15,""min_ring_coherence"":0.15,""minimum_segment"":4,""outer_support_margin"":0.0,""support_weight"":4.0}",method-b-corrected-v2
NeurosporaMenadione,Neurospora crassa × menadione,image29,Image29_obj4_d000273_300_006_2025-12-12_03-05-12_rgb,Retuned P100,DenseZone,exact,120.0,78.6622468772,41.3377531228,0.351529426579,False,True,True,1.0,"{""maximum_gap"":0,""min_crossings"":5,""min_resultant"":0.15,""min_ring_coherence"":0.15,""minimum_segment"":4,""outer_support_margin"":0.0,""support_weight"":4.0}",method-b-corrected-v2
NeurosporaMenadione,Neurospora crassa × menadione,image29,Image29_obj4_d000273_300_006_2025-12-12_03-05-12_rgb,Retuned P100,SparseZone,exact,149.566038926,117.594004932,31.9720339942,0.271884897642,False,True,True,1.0,"{""maximum_gap"":0,""min_crossings"":5,""min_resultant"":0.15,""min_ring_coherence"":0.15,""minimum_segment"":4,""outer_support_margin"":0.0,""support_weight"":4.0}",method-b-corrected-v2
NeurosporaXylan,Neurospora crassa × xylan,image29,Image29_obj1_d000273_300_001_2025-12-12_03-00-49_rgb,Legacy control,CoreZone,legacy,0.0,144.263298419,144.263298419,0.525740045725,False,True,False,1.0,"{""intensity_source"":""detect_mat"",""legacy_mode"":true}",method-b-corrected-v2
NeurosporaXylan,Neurospora crassa × xylan,image29,Image29_obj1_d000273_300_001_2025-12-12_03-00-49_rgb,Legacy control,DenseZone,legacy,140.608264566,238.303587885,97.6953233194,0.356031952075,False,True,True,1.0,"{""intensity_source"":""detect_mat"",""legacy_mode"":true}",method-b-corrected-v2
NeurosporaXylan,Neurospora crassa × xylan,image29,Image29_obj1_d000273_300_001_2025-12-12_03-00-49_rgb,Legacy control,SparseZone,legacy,140.608264566,274.400437236,133.79217267,0.48758002727,False,True,False,1.0,"{""intensity_source"":""detect_mat"",""legacy_mode"":true}",method-b-corrected-v2
NeurosporaXylan,Neurospora crassa × xylan,image29,Image29_obj1_d000273_300_001_2025-12-12_03-00-49_rgb,Corrected fixed P95,CoreZone,exact,80.0,144.263298419,64.2632984194,0.234195320775,False,True,True,0.950004448003,"{""maximum_gap"":0,""min_crossings"":3,""min_resultant"":0.3,""min_ring_coherence"":0.15,""minimum_segment"":4,""outer_support_margin"":0.0,""support_weight"":4.0}",method-b-corrected-v2
NeurosporaXylan,Neurospora crassa × xylan,image29,Image29_obj1_d000273_300_001_2025-12-12_03-00-49_rgb,Corrected fixed P95,DenseZone,exact,200.0,238.303587885,38.3035878852,0.139590112432,False,True,True,0.950004448003,"{""maximum_gap"":0,""min_crossings"":3,""min_resultant"":0.3,""min_ring_coherence"":0.15,""minimum_segment"":4,""outer_support_margin"":0.0,""support_weight"":4.0}",method-b-corrected-v2
NeurosporaXylan,Neurospora crassa × xylan,image29,Image29_obj1_d000273_300_001_2025-12-12_03-00-49_rgb,Corrected fixed P95,SparseZone,exact,275.408787078,274.400437236,1.00834984229,0.00367473846778,True,True,True,0.950004448003,"{""maximum_gap"":0,""min_crossings"":3,""min_resultant"":0.3,""min_ring_coherence"":0.15,""minimum_segment"":4,""outer_support_margin"":0.0,""support_weight"":4.0}",method-b-corrected-v2
NeurosporaXylan,Neurospora crassa × xylan,image29,Image29_obj1_d000273_300_001_2025-12-12_03-00-49_rgb,Corrected fixed P100,CoreZone,exact,200.0,144.263298419,55.7367015806,0.203121766649,False,True,True,1.0,"{""maximum_gap"":0,""min_crossings"":3,""min_resultant"":0.3,""min_ring_coherence"":0.15,""minimum_segment"":4,""outer_support_margin"":0.0,""support_weight"":4.0}",method-b-corrected-v2
NeurosporaXylan,Neurospora crassa × xylan,image29,Image29_obj1_d000273_300_001_2025-12-12_03-00-49_rgb,Corrected fixed P100,DenseZone,exact,312.0,238.303587885,73.6964121148,0.268572502497,False,True,True,1.0,"{""maximum_gap"":0,""min_crossings"":3,""min_resultant"":0.3,""min_ring_coherence"":0.15,""minimum_segment"":4,""outer_support_margin"":0.0,""support_weight"":4.0}",method-b-corrected-v2
NeurosporaXylan,Neurospora crassa × xylan,image29,Image29_obj1_d000273_300_001_2025-12-12_03-00-49_rgb,Corrected fixed P100,SparseZone,exact,357.191825214,274.400437236,82.7913879783,0.301717405454,False,True,True,1.0,"{""maximum_gap"":0,""min_crossings"":3,""min_resultant"":0.3,""min_ring_coherence"":0.15,""minimum_segment"":4,""outer_support_margin"":0.0,""support_weight"":4.0}",method-b-corrected-v2
NeurosporaXylan,Neurospora crassa × xylan,image29,Image29_obj1_d000273_300_001_2025-12-12_03-00-49_rgb,Retuned P95,CoreZone,exact,104.0,144.263298419,40.2632984194,0.146731903291,False,True,True,0.950004448003,"{""maximum_gap"":0,""min_crossings"":3,""min_resultant"":0.3,""min_ring_coherence"":0.15,""minimum_segment"":6,""outer_support_margin"":0.1,""support_weight"":0.5}",method-b-corrected-v2
NeurosporaXylan,Neurospora crassa × xylan,image29,Image29_obj1_d000273_300_001_2025-12-12_03-00-49_rgb,Retuned P95,DenseZone,exact,152.0,238.303587885,86.3035878852,0.314516947402,False,True,True,0.950004448003,"{""maximum_gap"":0,""min_crossings"":3,""min_resultant"":0.3,""min_ring_coherence"":0.15,""minimum_segment"":6,""outer_support_margin"":0.1,""support_weight"":0.5}",method-b-corrected-v2
NeurosporaXylan,Neurospora crassa × xylan,image29,Image29_obj1_d000273_300_001_2025-12-12_03-00-49_rgb,Retuned P95,SparseZone,exact,275.408787078,274.400437236,1.00834984229,0.00367473846778,True,True,True,0.950004448003,"{""maximum_gap"":0,""min_crossings"":3,""min_resultant"":0.3,""min_ring_coherence"":0.15,""minimum_segment"":6,""outer_support_margin"":0.1,""support_weight"":0.5}",method-b-corrected-v2
NeurosporaXylan,Neurospora crassa × xylan,image29,Image29_obj1_d000273_300_001_2025-12-12_03-00-49_rgb,Retuned P100,CoreZone,exact,152.0,144.263298419,7.73670158058,0.0281949316791,True,True,True,1.0,"{""maximum_gap"":0,""min_crossings"":3,""min_resultant"":0.3,""min_ring_coherence"":0.15,""minimum_segment"":6,""outer_support_margin"":0.1,""support_weight"":0.5}",method-b-corrected-v2
NeurosporaXylan,Neurospora crassa × xylan,image29,Image29_obj1_d000273_300_001_2025-12-12_03-00-49_rgb,Retuned P100,DenseZone,exact,296.0,238.303587885,57.6964121148,0.210263557507,False,True,True,1.0,"{""maximum_gap"":0,""min_crossings"":3,""min_resultant"":0.3,""min_ring_coherence"":0.15,""minimum_segment"":6,""outer_support_margin"":0.1,""support_weight"":0.5}",method-b-corrected-v2
NeurosporaXylan,Neurospora crassa × xylan,image29,Image29_obj1_d000273_300_001_2025-12-12_03-00-49_rgb,Retuned P100,SparseZone,exact,357.191825214,274.400437236,82.7913879783,0.301717405454,False,True,True,1.0,"{""maximum_gap"":0,""min_crossings"":3,""min_resultant"":0.3,""min_ring_coherence"":0.15,""minimum_segment"":6,""outer_support_margin"":0.1,""support_weight"":0.5}",method-b-corrected-v2
NeurosporaXylan,Neurospora crassa × xylan,image29,Image29_obj2_d000273_300_001_2025-12-12_03-00-49_rgb,Legacy control,CoreZone,legacy,0.0,82.0731381147,82.0731381147,0.464178498767,False,True,False,1.0,"{""intensity_source"":""detect_mat"",""legacy_mode"":true}",method-b-corrected-v2
NeurosporaXylan,Neurospora crassa × xylan,image29,Image29_obj2_d000273_300_001_2025-12-12_03-00-49_rgb,Legacy control,DenseZone,legacy,105.982398849,130.176802849,24.1944040005,0.136835539441,False,True,True,1.0,"{""intensity_source"":""detect_mat"",""legacy_mode"":true}",method-b-corrected-v2
NeurosporaXylan,Neurospora crassa × xylan,image29,Image29_obj2_d000273_300_001_2025-12-12_03-00-49_rgb,Legacy control,SparseZone,legacy,155.976074049,176.813743706,20.8376696572,0.117850961246,False,True,True,1.0,"{""intensity_source"":""detect_mat"",""legacy_mode"":true}",method-b-corrected-v2
NeurosporaXylan,Neurospora crassa × xylan,image29,Image29_obj2_d000273_300_001_2025-12-12_03-00-49_rgb,Corrected fixed P95,CoreZone,exact,32.0,82.0731381147,50.0731381147,0.283197092405,False,True,True,0.949985300603,"{""maximum_gap"":0,""min_crossings"":3,""min_resultant"":0.3,""min_ring_coherence"":0.15,""minimum_segment"":4,""outer_support_margin"":0.0,""support_weight"":4.0}",method-b-corrected-v2
NeurosporaXylan,Neurospora crassa × xylan,image29,Image29_obj2_d000273_300_001_2025-12-12_03-00-49_rgb,Corrected fixed P95,DenseZone,exact,72.0,130.176802849,58.176802849,0.329028737414,False,True,True,0.949985300603,"{""maximum_gap"":0,""min_crossings"":3,""min_resultant"":0.3,""min_ring_coherence"":0.15,""minimum_segment"":4,""outer_support_margin"":0.0,""support_weight"":4.0}",method-b-corrected-v2
NeurosporaXylan,Neurospora crassa × xylan,image29,Image29_obj2_d000273_300_001_2025-12-12_03-00-49_rgb,Corrected fixed P95,SparseZone,exact,150.77665544,176.813743706,26.0370882654,0.14725715162,False,True,True,0.949985300603,"{""maximum_gap"":0,""min_crossings"":3,""min_resultant"":0.3,""min_ring_coherence"":0.15,""minimum_segment"":4,""outer_support_margin"":0.0,""support_weight"":4.0}",method-b-corrected-v2
NeurosporaXylan,Neurospora crassa × xylan,image29,Image29_obj2_d000273_300_001_2025-12-12_03-00-49_rgb,Corrected fixed P100,CoreZone,exact,72.0,82.0731381147,10.0731381147,0.0569703344526,False,True,True,1.0,"{""maximum_gap"":0,""min_crossings"":3,""min_resultant"":0.3,""min_ring_coherence"":0.15,""minimum_segment"":4,""outer_support_margin"":0.0,""support_weight"":4.0}",method-b-corrected-v2
NeurosporaXylan,Neurospora crassa × xylan,image29,Image29_obj2_d000273_300_001_2025-12-12_03-00-49_rgb,Corrected fixed P100,DenseZone,exact,176.0,130.176802849,45.823197151,0.259160833262,False,True,True,1.0,"{""maximum_gap"":0,""min_crossings"":3,""min_resultant"":0.3,""min_ring_coherence"":0.15,""minimum_segment"":4,""outer_support_margin"":0.0,""support_weight"":4.0}",method-b-corrected-v2
NeurosporaXylan,Neurospora crassa × xylan,image29,Image29_obj2_d000273_300_001_2025-12-12_03-00-49_rgb,Corrected fixed P100,SparseZone,exact,203.931361002,176.813743706,27.1176172958,0.153368266105,False,True,True,1.0,"{""maximum_gap"":0,""min_crossings"":3,""min_resultant"":0.3,""min_ring_coherence"":0.15,""minimum_segment"":4,""outer_support_margin"":0.0,""support_weight"":4.0}",method-b-corrected-v2
NeurosporaXylan,Neurospora crassa × xylan,image29,Image29_obj2_d000273_300_001_2025-12-12_03-00-49_rgb,Retuned P95,CoreZone,exact,48.0,82.0731381147,34.0731381147,0.192706389224,False,True,True,0.949985300603,"{""maximum_gap"":0,""min_crossings"":3,""min_resultant"":0.3,""min_ring_coherence"":0.15,""minimum_segment"":6,""outer_support_margin"":0.1,""support_weight"":0.5}",method-b-corrected-v2
NeurosporaXylan,Neurospora crassa × xylan,image29,Image29_obj2_d000273_300_001_2025-12-12_03-00-49_rgb,Retuned P95,DenseZone,exact,96.0,130.176802849,34.176802849,0.193292682643,False,True,True,0.949985300603,"{""maximum_gap"":0,""min_crossings"":3,""min_resultant"":0.3,""min_ring_coherence"":0.15,""minimum_segment"":6,""outer_support_margin"":0.1,""support_weight"":0.5}",method-b-corrected-v2
NeurosporaXylan,Neurospora crassa × xylan,image29,Image29_obj2_d000273_300_001_2025-12-12_03-00-49_rgb,Retuned P95,SparseZone,exact,150.77665544,176.813743706,26.0370882654,0.14725715162,False,True,True,0.949985300603,"{""maximum_gap"":0,""min_crossings"":3,""min_resultant"":0.3,""min_ring_coherence"":0.15,""minimum_segment"":6,""outer_support_margin"":0.1,""support_weight"":0.5}",method-b-corrected-v2
NeurosporaXylan,Neurospora crassa × xylan,image29,Image29_obj2_d000273_300_001_2025-12-12_03-00-49_rgb,Retuned P100,CoreZone,exact,88.0,82.0731381147,5.92686188527,0.0335203687284,True,True,True,1.0,"{""maximum_gap"":0,""min_crossings"":3,""min_resultant"":0.3,""min_ring_coherence"":0.15,""minimum_segment"":6,""outer_support_margin"":0.1,""support_weight"":0.5}",method-b-corrected-v2
NeurosporaXylan,Neurospora crassa × xylan,image29,Image29_obj2_d000273_300_001_2025-12-12_03-00-49_rgb,Retuned P100,DenseZone,exact,160.0,130.176802849,29.823197151,0.168670130081,False,True,True,1.0,"{""maximum_gap"":0,""min_crossings"":3,""min_resultant"":0.3,""min_ring_coherence"":0.15,""minimum_segment"":6,""outer_support_margin"":0.1,""support_weight"":0.5}",method-b-corrected-v2
NeurosporaXylan,Neurospora crassa × xylan,image29,Image29_obj2_d000273_300_001_2025-12-12_03-00-49_rgb,Retuned P100,SparseZone,exact,203.931361002,176.813743706,27.1176172958,0.153368266105,False,True,True,1.0,"{""maximum_gap"":0,""min_crossings"":3,""min_resultant"":0.3,""min_ring_coherence"":0.15,""minimum_segment"":6,""outer_support_margin"":0.1,""support_weight"":0.5}",method-b-corrected-v2
NeurosporaXylan,Neurospora crassa × xylan,image29,Image29_obj3_d000273_300_001_2025-12-12_03-00-49_rgb,Legacy control,CoreZone,legacy,39.8683785976,64.9499614792,25.0815828816,0.132833281476,False,True,True,1.0,"{""intensity_source"":""detect_mat"",""legacy_mode"":true}",method-b-corrected-v2
NeurosporaXylan,Neurospora crassa × xylan,image29,Image29_obj3_d000273_300_001_2025-12-12_03-00-49_rgb,Legacy control,DenseZone,legacy,125.436459069,134.825813552,9.38935448329,0.0497264775052,False,True,True,1.0,"{""intensity_source"":""detect_mat"",""legacy_mode"":true}",method-b-corrected-v2
NeurosporaXylan,Neurospora crassa × xylan,image29,Image29_obj3_d000273_300_001_2025-12-12_03-00-49_rgb,Legacy control,SparseZone,legacy,201.216527898,188.820020125,12.396507773,0.0656525074239,False,True,True,1.0,"{""intensity_source"":""detect_mat"",""legacy_mode"":true}",method-b-corrected-v2
NeurosporaXylan,Neurospora crassa × xylan,image29,Image29_obj3_d000273_300_001_2025-12-12_03-00-49_rgb,Corrected fixed P95,CoreZone,exact,64.0,64.9499614792,0.949961479176,0.00503104214557,True,True,True,0.950014765233,"{""maximum_gap"":0,""min_crossings"":3,""min_resultant"":0.3,""min_ring_coherence"":0.15,""minimum_segment"":4,""outer_support_margin"":0.0,""support_weight"":4.0}",method-b-corrected-v2
NeurosporaXylan,Neurospora crassa × xylan,image29,Image29_obj3_d000273_300_001_2025-12-12_03-00-49_rgb,Corrected fixed P95,DenseZone,exact,96.0,134.825813552,38.8258135522,0.205623394842,False,True,True,0.950014765233,"{""maximum_gap"":0,""min_crossings"":3,""min_resultant"":0.3,""min_ring_coherence"":0.15,""minimum_segment"":4,""outer_support_margin"":0.0,""support_weight"":4.0}",method-b-corrected-v2
NeurosporaXylan,Neurospora crassa × xylan,image29,Image29_obj3_d000273_300_001_2025-12-12_03-00-49_rgb,Corrected fixed P95,SparseZone,exact,197.853481142,188.820020125,9.03346101699,0.0478416484174,False,True,True,0.950014765233,"{""maximum_gap"":0,""min_crossings"":3,""min_resultant"":0.3,""min_ring_coherence"":0.15,""minimum_segment"":4,""outer_support_margin"":0.0,""support_weight"":4.0}",method-b-corrected-v2
NeurosporaXylan,Neurospora crassa × xylan,image29,Image29_obj3_d000273_300_001_2025-12-12_03-00-49_rgb,Corrected fixed P100,CoreZone,exact,64.0,64.9499614792,0.949961479176,0.00503104214557,True,True,True,1.0,"{""maximum_gap"":0,""min_crossings"":3,""min_resultant"":0.3,""min_ring_coherence"":0.15,""minimum_segment"":4,""outer_support_margin"":0.0,""support_weight"":4.0}",method-b-corrected-v2
NeurosporaXylan,Neurospora crassa × xylan,image29,Image29_obj3_d000273_300_001_2025-12-12_03-00-49_rgb,Corrected fixed P100,DenseZone,exact,208.0,134.825813552,73.1741864478,0.38753404644,False,True,True,1.0,"{""maximum_gap"":0,""min_crossings"":3,""min_resultant"":0.3,""min_ring_coherence"":0.15,""minimum_segment"":4,""outer_support_margin"":0.0,""support_weight"":4.0}",method-b-corrected-v2
NeurosporaXylan,Neurospora crassa × xylan,image29,Image29_obj3_d000273_300_001_2025-12-12_03-00-49_rgb,Corrected fixed P100,SparseZone,exact,241.364869026,188.820020125,52.5448489011,0.27828007256,False,True,True,1.0,"{""maximum_gap"":0,""min_crossings"":3,""min_resultant"":0.3,""min_ring_coherence"":0.15,""minimum_segment"":4,""outer_support_margin"":0.0,""support_weight"":4.0}",method-b-corrected-v2
NeurosporaXylan,Neurospora crassa × xylan,image29,Image29_obj3_d000273_300_001_2025-12-12_03-00-49_rgb,Retuned P95,CoreZone,exact,72.0,64.9499614792,7.05003852082,0.0373373465174,True,True,True,0.950014765233,"{""maximum_gap"":0,""min_crossings"":3,""min_resultant"":0.3,""min_ring_coherence"":0.15,""minimum_segment"":6,""outer_support_margin"":0.1,""support_weight"":0.5}",method-b-corrected-v2
NeurosporaXylan,Neurospora crassa × xylan,image29,Image29_obj3_d000273_300_001_2025-12-12_03-00-49_rgb,Retuned P95,DenseZone,exact,152.0,134.825813552,17.1741864478,0.090955325799,False,True,True,0.950014765233,"{""maximum_gap"":0,""min_crossings"":3,""min_resultant"":0.3,""min_ring_coherence"":0.15,""minimum_segment"":6,""outer_support_margin"":0.1,""support_weight"":0.5}",method-b-corrected-v2
NeurosporaXylan,Neurospora crassa × xylan,image29,Image29_obj3_d000273_300_001_2025-12-12_03-00-49_rgb,Retuned P95,SparseZone,exact,197.853481142,188.820020125,9.03346101699,0.0478416484174,False,True,True,0.950014765233,"{""maximum_gap"":0,""min_crossings"":3,""min_resultant"":0.3,""min_ring_coherence"":0.15,""minimum_segment"":6,""outer_support_margin"":0.1,""support_weight"":0.5}",method-b-corrected-v2
NeurosporaXylan,Neurospora crassa × xylan,image29,Image29_obj3_d000273_300_001_2025-12-12_03-00-49_rgb,Retuned P100,CoreZone,exact,72.0,64.9499614792,7.05003852082,0.0373373465174,True,True,True,1.0,"{""maximum_gap"":0,""min_crossings"":3,""min_resultant"":0.3,""min_ring_coherence"":0.15,""minimum_segment"":6,""outer_support_margin"":0.1,""support_weight"":0.5}",method-b-corrected-v2
NeurosporaXylan,Neurospora crassa × xylan,image29,Image29_obj3_d000273_300_001_2025-12-12_03-00-49_rgb,Retuned P100,DenseZone,exact,200.0,134.825813552,65.1741864478,0.345165657777,False,True,True,1.0,"{""maximum_gap"":0,""min_crossings"":3,""min_resultant"":0.3,""min_ring_coherence"":0.15,""minimum_segment"":6,""outer_support_margin"":0.1,""support_weight"":0.5}",method-b-corrected-v2
NeurosporaXylan,Neurospora crassa × xylan,image29,Image29_obj3_d000273_300_001_2025-12-12_03-00-49_rgb,Retuned P100,SparseZone,exact,241.364869026,188.820020125,52.5448489011,0.27828007256,False,True,True,1.0,"{""maximum_gap"":0,""min_crossings"":3,""min_resultant"":0.3,""min_ring_coherence"":0.15,""minimum_segment"":6,""outer_support_margin"":0.1,""support_weight"":0.5}",method-b-corrected-v2
NeurosporaXylan,Neurospora crassa × xylan,image29,Image29_obj4_d000273_300_001_2025-12-12_03-00-49_rgb,Legacy control,CoreZone,legacy,0.0,48.8497688345,48.8497688345,0.275040878829,False,True,False,1.0,"{""intensity_source"":""detect_mat"",""legacy_mode"":true}",method-b-corrected-v2
NeurosporaXylan,Neurospora crassa × xylan,image29,Image29_obj4_d000273_300_001_2025-12-12_03-00-49_rgb,Legacy control,DenseZone,legacy,87.1759730882,114.809407217,27.6334341291,0.155585669887,False,True,True,1.0,"{""intensity_source"":""detect_mat"",""legacy_mode"":true}",method-b-corrected-v2
NeurosporaXylan,Neurospora crassa × xylan,image29,Image29_obj4_d000273_300_001_2025-12-12_03-00-49_rgb,Legacy control,SparseZone,legacy,150.90689445,177.609121387,26.702226937,0.150342655424,False,True,True,1.0,"{""intensity_source"":""detect_mat"",""legacy_mode"":true}",method-b-corrected-v2
NeurosporaXylan,Neurospora crassa × xylan,image29,Image29_obj4_d000273_300_001_2025-12-12_03-00-49_rgb,Corrected fixed P95,CoreZone,exact,40.0,48.8497688345,8.84976883449,0.0498272203891,False,True,True,0.949985289791,"{""maximum_gap"":0,""min_crossings"":3,""min_resultant"":0.3,""min_ring_coherence"":0.15,""minimum_segment"":4,""outer_support_margin"":0.0,""support_weight"":4.0}",method-b-corrected-v2
NeurosporaXylan,Neurospora crassa × xylan,image29,Image29_obj4_d000273_300_001_2025-12-12_03-00-49_rgb,Corrected fixed P95,DenseZone,exact,72.0,114.809407217,42.8094072173,0.241031580377,False,True,True,0.949985289791,"{""maximum_gap"":0,""min_crossings"":3,""min_resultant"":0.3,""min_ring_coherence"":0.15,""minimum_segment"":4,""outer_support_margin"":0.0,""support_weight"":4.0}",method-b-corrected-v2
NeurosporaXylan,Neurospora crassa × xylan,image29,Image29_obj4_d000273_300_001_2025-12-12_03-00-49_rgb,Corrected fixed P95,SparseZone,exact,172.752132329,177.609121387,4.85698905813,0.0273465068696,True,True,True,0.949985289791,"{""maximum_gap"":0,""min_crossings"":3,""min_resultant"":0.3,""min_ring_coherence"":0.15,""minimum_segment"":4,""outer_support_margin"":0.0,""support_weight"":4.0}",method-b-corrected-v2
NeurosporaXylan,Neurospora crassa × xylan,image29,Image29_obj4_d000273_300_001_2025-12-12_03-00-49_rgb,Corrected fixed P100,CoreZone,exact,64.0,48.8497688345,15.1502311655,0.085300974675,False,True,True,1.0,"{""maximum_gap"":0,""min_crossings"":3,""min_resultant"":0.3,""min_ring_coherence"":0.15,""minimum_segment"":4,""outer_support_margin"":0.0,""support_weight"":4.0}",method-b-corrected-v2
NeurosporaXylan,Neurospora crassa × xylan,image29,Image29_obj4_d000273_300_001_2025-12-12_03-00-49_rgb,Corrected fixed P100,DenseZone,exact,168.0,114.809407217,53.1905927827,0.29948119988,False,True,True,1.0,"{""maximum_gap"":0,""min_crossings"":3,""min_resultant"":0.3,""min_ring_coherence"":0.15,""minimum_segment"":4,""outer_support_margin"":0.0,""support_weight"":4.0}",method-b-corrected-v2
NeurosporaXylan,Neurospora crassa × xylan,image29,Image29_obj4_d000273_300_001_2025-12-12_03-00-49_rgb,Corrected fixed P100,SparseZone,exact,204.416242016,177.609121387,26.8071206287,0.150933242726,False,True,True,1.0,"{""maximum_gap"":0,""min_crossings"":3,""min_resultant"":0.3,""min_ring_coherence"":0.15,""minimum_segment"":4,""outer_support_margin"":0.0,""support_weight"":4.0}",method-b-corrected-v2
NeurosporaXylan,Neurospora crassa × xylan,image29,Image29_obj4_d000273_300_001_2025-12-12_03-00-49_rgb,Retuned P95,CoreZone,exact,48.0,48.8497688345,0.849768834491,0.00478448870111,True,True,True,0.949985289791,"{""maximum_gap"":0,""min_crossings"":3,""min_resultant"":0.3,""min_ring_coherence"":0.15,""minimum_segment"":6,""outer_support_margin"":0.1,""support_weight"":0.5}",method-b-corrected-v2
NeurosporaXylan,Neurospora crassa × xylan,image29,Image29_obj4_d000273_300_001_2025-12-12_03-00-49_rgb,Retuned P95,DenseZone,exact,96.0,114.809407217,18.8094072173,0.105903385312,False,True,True,0.949985289791,"{""maximum_gap"":0,""min_crossings"":3,""min_resultant"":0.3,""min_ring_coherence"":0.15,""minimum_segment"":6,""outer_support_margin"":0.1,""support_weight"":0.5}",method-b-corrected-v2
NeurosporaXylan,Neurospora crassa × xylan,image29,Image29_obj4_d000273_300_001_2025-12-12_03-00-49_rgb,Retuned P95,SparseZone,exact,172.752132329,177.609121387,4.85698905813,0.0273465068696,True,True,True,0.949985289791,"{""maximum_gap"":0,""min_crossings"":3,""min_resultant"":0.3,""min_ring_coherence"":0.15,""minimum_segment"":6,""outer_support_margin"":0.1,""support_weight"":0.5}",method-b-corrected-v2
NeurosporaXylan,Neurospora crassa × xylan,image29,Image29_obj4_d000273_300_001_2025-12-12_03-00-49_rgb,Retuned P100,CoreZone,exact,48.0,48.8497688345,0.849768834491,0.00478448870111,True,True,True,1.0,"{""maximum_gap"":0,""min_crossings"":3,""min_resultant"":0.3,""min_ring_coherence"":0.15,""minimum_segment"":6,""outer_support_margin"":0.1,""support_weight"":0.5}",method-b-corrected-v2
NeurosporaXylan,Neurospora crassa × xylan,image29,Image29_obj4_d000273_300_001_2025-12-12_03-00-49_rgb,Retuned P100,DenseZone,exact,96.0,114.809407217,18.8094072173,0.105903385312,False,True,True,1.0,"{""maximum_gap"":0,""min_crossings"":3,""min_resultant"":0.3,""min_ring_coherence"":0.15,""minimum_segment"":6,""outer_support_margin"":0.1,""support_weight"":0.5}",method-b-corrected-v2
NeurosporaXylan,Neurospora crassa × xylan,image29,Image29_obj4_d000273_300_001_2025-12-12_03-00-49_rgb,Retuned P100,SparseZone,exact,204.416242016,177.609121387,26.8071206287,0.150933242726,False,True,True,1.0,"{""maximum_gap"":0,""min_crossings"":3,""min_resultant"":0.3,""min_ring_coherence"":0.15,""minimum_segment"":6,""outer_support_margin"":0.1,""support_weight"":0.5}",method-b-corrected-v2
