,Metadata_Condition,Metadata_Media,Metadata_Set,Metadata_Replicate,Metadata_Time,Metadata_Strain,Metadata_FileName,ObjectLabel,Bbox_CenterRR,Bbox_CenterCC,Bbox_MinRR,Bbox_MinCC,Bbox_MaxRR,Bbox_MaxCC,Grid_RowNum,Grid_RowIntervalStart,Grid_RowIntervalEnd,Grid_ColNum,Grid_ColIntervalStart,Grid_ColIntervalEnd,Grid_SectionIndex,Grid_SectionNum,Shape_Area,Shape_Perimeter,Shape_Circularity,Shape_ConvexArea,Shape_MedianRadius,Shape_MeanRadius,Shape_Eccentricity,Shape_Solidity,Shape_Extent,Shape_BboxArea,Shape_MajorAxisLength,Shape_MinorAxisLength,Shape_Compactness,Shape_Orientation,Metadata_StrainID,CorrectedCarryingCapacity_Area,Metadata_Dataset
0,30C,S,3,4,24,CBS11445,30C_2_3S_4,14,263.025755324,327.103516592,236,305,291,351,1,190,352,1,230,392,"(1, 1)",13,2019.0,168.367532368,0.895013300585,160.010589849,7.61577310586,8.50492862944,0.538757643277,12.6179148637,0.798023715415,2530.0,55.2946232794,46.5835526383,1.11730183154,-0.0846760257136,220,4183.333333333333,S 30C
1,30C,S,3,5,24,CBS11445,30C_2_3S_5,14,309.120465741,291.332736229,282,267,337,318,1,228,390,1,219,383,"(1, 1)",13,2233.0,177.781745931,0.88781862836,168.622738568,8.0,8.91426407195,0.39437586853,13.2425793755,0.796078431373,2805.0,55.7110877345,51.1956607821,1.12635618138,-0.0811849506139,220,3225.3333333333335,S 30C
2,30C,S,3,6,24,CBS11445,30C_2_3S_6,13,312.525657611,262.907287624,284,238,343,288,1,239,397,1,195,360,"(1, 1)",13,2319.0,182.267027305,0.877191453522,172.241071663,8.0,9.02852285904,0.515095004551,13.4636877117,0.786101694915,2950.0,58.7718039907,50.3752580387,1.14000198701,0.063090328131,220,2984.6666666666665,S 30C
3,30C,S,3,12,24,CBS11445,30C_2_3S_12,16,296.079597822,305.151654797,267,280,326,332,1,217,377,1,232,393,"(1, 1)",13,2387.0,181.681240867,0.908745154535,173.513638795,8.0622577483,9.27942956165,0.476918747637,13.7568436497,0.778031290743,3068.0,58.8341188909,51.7120950334,1.10041852219,0.148892592033,220,3074.6666666666665,S 30C
4,30C,S,3,8,24,CBS11445,30C_2_3S_8,14,318.208931419,260.158426369,293,237,344,284,1,238,400,1,187,348,"(1, 1)",13,1881.0,164.367532368,0.874916464251,154.853365386,7.07106781187,8.12204457959,0.425502101402,12.1469752712,0.784730913642,2397.0,51.5657160396,46.6647781935,1.14296626119,0.142562367059,220,2988.3333333333335,S 30C
5,30C,S,3,11,24,CBS11445,30C_2_3S_11,13,327.983356449,267.840036986,299,245,357,292,1,253,411,1,202,366,"(1, 1)",13,2163.0,177.296464556,0.864701540116,168.418260718,7.61577310586,8.53821729931,0.566416245519,12.8430253987,0.793470286134,2726.0,58.00689051,47.8045985717,1.1564683924,0.0677790366472,220,2763.6666666666665,S 30C
6,30C,S,3,9,24,CBS11445,30C_2_3S_9,15,249.350726197,249.231307154,225,227,275,274,1,170,330,1,175,339,"(1, 1)",13,1859.0,162.710678119,0.882383022915,153.911595398,7.07106781187,8.08595011405,0.386588578839,12.078362226,0.791063829787,2350.0,50.7680683076,46.8209668235,1.13329469633,0.103091008466,220,2986.6666666666665,S 30C
7,30C,S,3,4,36,CBS11445,30C_3_3S_4,13,281.276197896,361.055317491,252,335,312,389,1,210,372,1,264,427,"(1, 1)",13,2567.0,187.681240867,0.915786000832,179.675728546,8.54400374532,9.63195134562,0.49223255964,14.2868489849,0.792283950617,3240.0,61.3195703178,53.3764619707,1.09195816391,-0.154969121041,220,4183.333333333333,S 30C
8,30C,S,3,5,36,CBS11445,30C_3_3S_5,13,278.822921155,250.354588539,251,225,307,276,1,197,359,1,179,343,"(1, 1)",13,2321.0,178.367532368,0.916755230085,170.532111985,8.0622577483,9.19963207308,0.406429269792,13.6103398532,0.812675070028,2856.0,56.9022373645,51.9905641,1.0908037033,-0.0437655640557,220,3225.3333333333335,S 30C
9,30C,S,3,6,36,CBS11445,30C_3_3S_6,13,336.14291598,292.97446458,308,266,364,320,1,260,418,1,224,390,"(1, 1)",13,2428.0,182.024386618,0.920872266955,174.277168279,8.24621125124,9.44179123844,0.310895318068,13.9318306808,0.80291005291,3024.0,57.0815508753,54.2528266709,1.08592693676,-0.123235651598,220,2984.6666666666665,S 30C
10,30C,S,3,3,36,CBS11445,30C_3_3S_3,14,286.948142415,315.274380805,258,289,317,343,1,214,373,1,218,382,"(1, 1)",13,2584.0,188.024386618,0.918489111487,179.662095551,8.54400374532,9.72438033819,0.414422331849,14.3825551632,0.811048336472,3186.0,60.1432762627,54.735474533,1.08874453436,0.0664943814396,220,4042.6666666666665,S 30C
11,30C,S,3,12,36,CBS11445,30C_3_3S_12,15,310.363911727,293.274772826,282,268,339,320,1,231,393,1,223,385,"(1, 1)",13,2311.0,177.681240867,0.919870417579,170.241373485,8.0622577483,9.18393893658,0.424372826486,13.5748434865,0.779689608637,2964.0,57.035290165,51.6447451845,1.08710964163,0.30116758473,220,3074.6666666666665,S 30C
12,30C,S,3,10,36,CBS11445,30C_3_3S_10,13,374.037815126,250.053221289,347,226,401,275,1,296,454,1,183,349,"(1, 1)",13,2142.0,171.781745931,0.912168993563,164.408432857,7.90512483795,8.82541459657,0.406645131583,13.0285287852,0.809523809524,2646.0,54.6983430872,49.9716511717,1.09628808593,-0.13363770891,220,2861.0,S 30C
13,30C,S,3,8,36,CBS11445,30C_3_3S_8,13,301.746190476,299.826190476,276,276,329,324,1,222,384,1,226,387,"(1, 1)",13,2100.0,172.124891681,0.890721220055,163.201525605,7.61577310586,8.66333804854,0.435530799974,12.8675267723,0.825471698113,2544.0,54.5957224296,49.1456405022,1.12268572645,0.0490264752268,220,2988.3333333333335,S 30C
14,30C,S,3,9,36,CBS11445,30C_3_3S_9,13,336.713539192,230.544418052,311,206,363,256,1,254,416,1,167,329,"(1, 1)",13,2105.0,170.953318806,0.905121521403,163.125656103,7.81024967591,8.71497302215,0.389971136455,12.9041626577,0.809615384615,2600.0,54.0097603702,49.7336499763,1.10482402236,0.153401988749,220,2986.6666666666665,S 30C
15,30C,S,3,2,48,CBS11445,30C_4_3S_2,15,251.8633235,235.610291708,221,206,284,266,1,178,340,1,162,322,"(1, 1)",13,3051.0,203.338095117,0.927287851707,195.474557324,9.21954445729,10.5619545013,0.366315145336,15.608169379,0.807142857143,3780.0,64.638982826,60.1459818077,1.0784137829,-0.189061959826,220,4085.3333333333335,S 30C
16,30C,S,3,3,48,CBS11445,30C_4_3S_3,14,314.352431712,285.31745503,282,257,347,315,1,278,444,1,187,351,"(1, 1)",13,3002.0,204.752308679,0.89983511556,194.657957241,9.21954445729,10.4209269929,0.411881959613,15.4219228566,0.796286472149,3770.0,64.8015987078,59.0496279551,1.11131470945,-0.0317421506768,220,4042.6666666666665,S 30C
17,30C,S,3,1,48,CBS11445,30C_4_3S_1,17,240.289382071,344.143603133,213,320,269,370,1,170,332,1,249,412,"(1, 1)",13,2298.0,177.539105243,0.916161072539,170.359445859,8.0,9.07993455536,0.494556368275,13.489125821,0.820714285714,2800.0,58.0908470045,50.4894015545,1.09151112176,-0.146634999265,220,3936.0,S 30C
18,30C,S,3,4,48,CBS11445,30C_4_3S_4,15,260.541570818,366.797896812,229,338,294,397,1,188,350,1,266,430,"(1, 1)",13,3043.0,206.752308679,0.894563307944,195.71032983,9.21954445729,10.4355721768,0.445059492554,15.548489457,0.793481095176,3835.0,65.8181210426,58.9401934722,1.11786386846,-0.108950727989,220,4183.333333333333,S 30C
19,30C,S,3,5,48,CBS11445,30C_4_3S_5,13,292.681555641,246.635348479,264,220,322,275,1,214,374,1,172,336,"(1, 1)",13,2597.0,188.267027305,0.92073209723,180.216408705,8.54400374532,9.72744840622,0.36797541301,14.4104525146,0.814106583072,3190.0,59.6638597027,55.4775760493,1.08609225529,0.0924313362814,220,3225.3333333333335,S 30C
20,30C,S,3,6,48,CBS11445,30C_4_3S_6,13,362.226090283,283.283473604,333,255,391,311,1,286,443,1,218,382,"(1, 1)",13,2614.0,188.852813742,0.921018868798,181.203691621,8.54400374532,9.75632289939,0.245069014338,14.4257546665,0.804802955665,3248.0,58.6629163497,56.8740280245,1.08575408591,0.0472012182717,220,2984.6666666666665,S 30C
21,30C,S,3,8,48,CBS11445,30C_4_3S_8,13,293.366286439,241.769750739,266,216,322,268,1,214,374,1,171,331,"(1, 1)",13,2367.0,182.367532368,0.894361464898,172.862897048,8.0622577483,9.2113862535,0.410990331399,13.6929326097,0.812843406593,2912.0,57.570408372,52.4834699712,1.11811615242,-0.0769552714687,220,2988.3333333333335,S 30C
22,30C,S,3,9,48,CBS11445,30C_4_3S_9,14,262.42815735,255.40621118,235,230,291,282,1,182,342,1,181,344,"(1, 1)",13,2415.0,183.195959493,0.904263950471,175.273975099,8.0622577483,9.31897904963,0.381687452374,13.7784288776,0.829326923077,2912.0,57.756673506,53.383999632,1.10587179714,0.158834179201,220,2986.6666666666665,S 30C
23,30C,S,3,13,48,CBS11445,30C_4_3S_13,20,296.644944897,268.566842357,271,245,325,293,1,227,388,1,195,355,"(1, 1)",13,2087.0,169.539105243,0.912415258553,162.485136988,7.81024967591,8.69258629905,0.479268120098,12.8442517186,0.805169753086,2592.0,55.0831699492,48.3447654405,1.09599219284,0.0356934546735,220,2800.3333333333335,S 30C
24,30C,S,3,12,48,CBS11445,30C_4_3S_12,15,262.474530831,331.463806971,233,305,293,359,1,182,342,1,261,422,"(1, 1)",13,2611.0,189.43860018,0.91428118815,180.931906782,8.54400374532,9.77561485071,0.400768142321,14.4308433291,0.805864197531,3240.0,60.2577420106,55.2069086001,1.09375541459,0.01375971135,220,3074.6666666666665,S 30C
25,30C,S,3,10,48,CBS11445,30C_4_3S_10,14,343.731454621,293.041442188,316,267,372,320,1,265,422,1,228,392,"(1, 1)",13,2413.0,181.195959493,0.923570745049,174.27115616,8.24621125124,9.35065260764,0.369328618624,13.8462385467,0.813005390836,2968.0,57.5645740793,53.4946930766,1.08275408826,-0.124693563706,220,2861.0,S 30C
26,30C,S,3,11,48,CBS11445,30C_4_3S_11,14,300.334487235,285.152315015,274,260,328,312,1,223,381,1,218,382,"(1, 1)",13,2311.0,178.124891681,0.915293931584,170.393438617,8.0622577483,9.17658950904,0.309119060683,13.5627288161,0.823005698006,2808.0,55.6821974432,52.9550697744,1.09254520924,0.129993802969,220,2763.6666666666665,S 30C
27,30C,S,3,15,48,CBS11445,30C_4_3S_15,13,284.749050873,282.522399393,254,257,317,308,1,212,371,1,214,376,"(1, 1)",13,2634.0,191.195959493,0.905457800031,183.370554454,8.54400374532,9.60392973379,0.6221143381,14.364356414,0.8197945845,3213.0,65.513375576,51.2921513967,1.10441370097,0.19874150029,220,3031.6666666666665,S 30C
28,30C,S,3,14,48,CBS11445,30C_4_3S_14,17,238.540413534,283.88768797,213,260,266,309,1,180,338,1,215,378,"(1, 1)",13,2128.0,170.953318806,0.915011210236,163.579977131,7.81024967591,8.78917223094,0.469108770293,13.0089271152,0.819407008086,2597.0,55.4358054525,48.9575992611,1.09288278527,0.31793283868,220,3026.0,S 30C
29,30C,S,3,16,48,CBS11445,30C_4_3S_16,16,354.161663808,281.199828473,326,256,383,308,1,287,448,1,203,363,"(1, 1)",13,2332.0,178.852813742,0.916108380895,170.699491058,8.0622577483,9.26798594453,0.334137543328,13.6614349905,0.78677462888,2964.0,56.1428185286,52.9159721051,1.09157390201,-0.0534305826863,220,3304.3333333333335,S 30C
30,30C,S,3,2,60,CBS11445,30C_5_3S_2,18,288.268624252,258.154703643,254,226,324,292,1,214,377,1,173,336,"(1, 1)",13,3678.0,224.651803616,0.915802383655,214.688235215,10.0498756211,11.5475487924,0.336357881273,17.1318190599,0.796103896104,4620.0,70.539523197,66.4294841524,1.09193862983,-0.015974315471,220,4085.3333333333335,S 30C
31,30C,S,3,3,60,CBS11445,30C_5_3S_3,14,307.689915966,270.13557423,274,238,343,303,1,236,396,1,174,338,"(1, 1)",13,3570.0,223.823376491,0.895503307255,211.938739638,10.0,11.3429139168,0.371214028247,16.8444900922,0.795986622074,4485.0,69.9959329178,64.9945366663,1.11669045988,0.0798195939887,220,4042.6666666666665,S 30C
32,30C,S,3,1,60,CBS11445,30C_5_3S_1,17,250.572078376,286.527641707,220,260,283,315,1,182,344,1,191,354,"(1, 1)",13,2858.0,198.610173055,0.910477271462,189.788692349,9.0,10.1467920917,0.470512877285,15.0588528992,0.82481962482,3465.0,64.2805008964,56.7206722542,1.09832505582,-0.0515469187614,220,3936.0,S 30C
33,30C,S,3,4,60,CBS11445,30C_5_3S_4,16,272.254064481,316.409754753,238,285,308,350,1,201,363,1,218,382,"(1, 1)",13,3629.0,223.823376491,0.910302941745,213.642508263,10.0,11.429562451,0.412892768727,16.9863199487,0.797582417582,4550.0,71.2662619767,64.9078607753,1.09853539315,-0.119298257689,220,4183.333333333333,S 30C
34,30C,S,3,5,60,CBS11445,30C_5_3S_5,13,286.569607514,265.438443475,256,237,318,295,1,207,367,1,191,355,"(1, 1)",13,2981.0,199.681240867,0.939501129181,193.113917078,9.21954445729,10.4782034148,0.357212614111,15.4364845636,0.828976640712,3596.0,63.7734453043,59.5658709779,1.064394676,-0.0728249813613,220,3225.3333333333335,S 30C
35,30C,S,3,6,60,CBS11445,30C_5_3S_6,13,298.864145658,297.268907563,268,268,329,327,1,223,380,1,233,397,"(1, 1)",13,2856.0,197.338095117,0.921607931603,189.178294218,9.0,10.1927837889,0.258699938436,15.0968693941,0.793553764935,3599.0,61.4255266791,59.3344624964,1.08506010605,-0.159444680529,220,2984.6666666666665,S 30C
36,30C,S,3,12,60,CBS11445,30C_5_3S_12,15,320.428373222,310.054110302,289,282,352,339,1,241,401,1,243,403,"(1, 1)",13,2883.0,198.509667992,0.919371804124,189.915661588,9.0,10.2748598344,0.401759856133,15.1804225934,0.802840434419,3591.0,63.3327965481,57.9966956816,1.08769922627,0.114467044963,220,3074.6666666666665,S 30C
37,30C,S,3,10,60,CBS11445,30C_5_3S_10,14,363.207365034,248.304612084,333,220,393,277,1,285,442,1,182,346,"(1, 1)",13,2797.0,196.267027305,0.912446986409,187.695987691,8.94427191,10.0498423026,0.360159094736,14.9017570083,0.81783625731,3420.0,61.8469611447,57.6964670847,1.0959540827,-0.313328743088,220,2861.0,S 30C
38,30C,S,3,8,60,CBS11445,30C_5_3S_8,13,311.345766505,251.115628497,282,224,341,279,1,231,391,1,175,336,"(1, 1)",13,2681.0,192.610173055,0.908130443973,183.665455176,8.60232526704,9.81907620057,0.38257336466,14.5971924739,0.826194144838,3245.0,60.8526044812,56.2232496765,1.10116339193,-0.0514380604783,220,2988.3333333333335,S 30C
39,30C,S,3,9,60,CBS11445,30C_5_3S_9,13,289.988505747,233.074898035,261,206,320,262,1,209,369,1,164,326,"(1, 1)",13,2697.0,192.024386618,0.919132319374,184.481271006,8.94427191,9.89212123166,0.3132953044,14.6193702227,0.816283292978,3304.0,60.1956224495,57.1651192607,1.08798263201,0.0925238522982,220,2986.6666666666665,S 30C
40,30C,S,3,11,60,CBS11445,30C_5_3S_11,13,351.147298873,260.970073844,323,234,380,289,1,274,432,1,194,358,"(1, 1)",13,2573.0,188.367532368,0.911250024907,179.680520647,8.54400374532,9.67029621895,0.286009374722,14.3198605543,0.820733652313,3135.0,58.5196504005,56.0750984804,1.09739365999,-0.161807032177,220,2763.6666666666665,S 30C
41,30C,S,3,8,72,CBS11445,30C_6_3S_8,11,226.486569793,450.368560106,200,422,253,479,1,196,382,1,346,485,"(1, 1)",13,2271.0,194.166522241,0.756969348721,171.011373769,8.0,8.91486353121,0.38209569263,13.2798184702,0.751737835154,3021.0,56.0082614677,51.7585093559,1.32105745324,-1.38161689324,220,2988.3333333333335,S 30C
42,30C,S,3,9,72,CBS11445,30C_6_3S_9,13,273.003878702,248.246473907,244,220,303,278,1,192,352,1,174,338,"(1, 1)",13,2836.0,198.367532368,0.905680274051,189.655716361,9.0,10.1169674117,0.274804660519,14.9534116578,0.828755113968,3422.0,61.3583431102,58.9960516406,1.10414240947,0.232440179374,220,2986.6666666666665,S 30C
43,30C,S,3,12,72,CBS11445,30C_6_3S_12,14,311.802453196,295.934151065,279,267,345,326,1,233,393,1,230,390,"(1, 1)",13,3074.6666666666665,207.338095117,0.905593025335,196.970400374,9.21954445729,10.6315032698,0.404705283604,15.7282515246,0.795582948125,3894.0,65.6999218014,60.0791078013,1.10424878729,0.0969746180142,220,3074.6666666666665,S 30C
44,30C,S,3,13,72,CBS11445,30C_6_3S_13,21,320.073960613,276.182932166,293,251,350,302,1,250,412,1,198,361,"(1, 1)",13,2285.0,180.166522241,0.884601919818,169.605933018,8.0,9.05683006802,0.430685260717,13.4724060612,0.78603371173,2907.0,56.8123357368,51.2732575237,1.1304519893,0.0477806841524,220,2800.3333333333335,S 30C
45,30C,S,3,11,72,CBS11445,30C_6_3S_11,13,330.225346969,259.951789627,301,232,360,289,1,253,412,1,192,356,"(1, 1)",13,2738.0,196.267027305,0.893199802928,185.722041291,8.94427191,9.92504985107,0.281926959647,14.7424612661,0.814154029141,3363.0,60.3426758961,57.8949277711,1.11957033211,0.23158297241,220,2763.6666666666665,S 30C
46,30C,S,3,10,72,CBS11445,30C_6_3S_10,13,356.741148965,286.522044088,325,258,389,317,1,277,435,1,221,384,"(1, 1)",13,2861.0,204.509667992,0.899567947488,194.295664409,9.05538513814,10.3842399436,0.367212539297,15.4095049373,0.792902542373,3776.0,64.0831106346,59.6060761419,1.11164476546,-0.0901341056418,220,2861.0,S 30C
47,30C,S,3,14,72,CBS11445,30C_6_3S_14,18,262.206361521,295.057020946,234,268,292,322,1,201,361,1,226,390,"(1, 1)",13,2578.0,186.610173055,0.930298125317,179.683391958,8.54400374532,9.7225413871,0.421598058884,14.3474584485,0.823116219668,3132.0,60.2174616395,54.6041594827,1.07492423427,0.265043921072,220,3026.0,S 30C
48,30C,S,3,16,72,CBS11445,30C_6_3S_16,16,346.121471954,248.972132905,316,220,377,279,1,277,439,1,169,331,"(1, 1)",13,2799.0,197.338095117,0.903214495993,187.309798718,8.94427191,10.1007575686,0.300152648853,14.9431584421,0.777716032231,3599.0,61.144671865,58.3253633275,1.10715672128,-0.0263945933847,220,3304.3333333333335,S 30C
49,30C,S,3,7,72,CBS11445,30C_6_3S_7,13,281.007585335,264.262536873,254,238,309,291,1,202,362,1,198,362,"(1, 1)",13,2373.0,180.024386618,0.92012095713,173.222129862,8.0622577483,9.2721735005,0.287921818737,13.6991734364,0.814065180103,2915.0,56.2312789485,53.8501045884,1.08681363276,-0.256903324715,220,3040.6666666666665,S 30C
50,30C,S,3,6,72,CBS11445,30C_6_3S_6,13,283.337454059,270.376545272,252,240,314,301,1,207,364,1,205,369,"(1, 1)",13,2984.6666666666665,202.752308679,0.914923883415,193.766316566,9.21954445729,10.4125301823,0.144062543779,15.4464411206,0.791380222105,3782.0,62.1247894096,61.47673992,1.09298709775,-0.280531592428,220,2984.6666666666665,S 30C
51,30C,S,3,5,72,CBS11445,30C_6_3S_5,14,287.472161742,258.785381026,255,229,320,290,1,208,368,1,184,348,"(1, 1)",13,3215.0,210.166522241,0.914668590542,200.745197469,9.48683298051,10.8110609989,0.329085596975,16.0153270939,0.810844892812,3965.0,65.870616997,62.2016299036,1.09329216105,0.0755661022585,220,3225.3333333333335,S 30C
52,30C,S,3,1,72,CBS11445,30C_6_3S_1,17,224.152313822,304.910511799,191,276,259,335,1,161,320,1,210,372,"(1, 1)",13,3263.0,213.681240867,0.898036820925,203.317672623,9.48683298051,10.7872224686,0.456253602945,16.0487770586,0.813310069791,4012.0,68.3963795713,60.8625040382,1.11354008733,-0.0965488795759,220,3936.0,S 30C
53,30C,S,2,9,24,CBS1553,30C_2_2S_9,59,913.446400829,1730.76851372,888,1708,940,1754,5,828,988,10,1671,1833,"(5, 10)",70,1931.0,162.710678119,0.916558158821,155.376346155,7.28010988928,8.42044898145,0.483579203514,12.4278891079,0.807274247492,2392.0,53.0154764421,46.4044787499,1.0910382395,0.0292834226445,172,3020.6666666666665,S 30C
54,30C,S,2,8,24,CBS1553,30C_2_2S_8,64,969.289924606,1728.33584647,948,1709,992,1749,5,881,1042,10,1666,1828,"(5, 10)",70,1459.0,141.568542495,0.914811539553,135.465820377,6.40312423743,7.33548441349,0.426594155116,10.7702444494,0.828977272727,1760.0,45.3789848995,41.0427124286,1.09312132255,-0.303678567395,172,3196.6666666666665,S 30C
55,30C,S,2,6,24,CBS1553,30C_2_2S_6,58,940.701719902,1749.55675676,913,1728,970,1773,5,859,1018,10,1689,1855,"(5, 10)",70,2035.0,169.781745931,0.887140256458,161.204939876,7.61577310586,8.40470749126,0.604801161195,12.6236826338,0.793372319688,2565.0,57.1136515371,45.4839708336,1.12721747516,0.0373637915146,172,3203.3333333333335,S 30C
56,30C,S,2,7,24,CBS1553,30C_2_2S_7,58,968.666666667,1774.9231658,943,1755,994,1796,5,883,1045,10,1714,1880,"(5, 10)",70,1731.0,154.225396744,0.914524068223,148.223577255,7.0,7.89038420895,0.591349072471,11.6783040327,0.827833572453,2091.0,52.3293298916,42.1991929771,1.09346493411,-0.0977886011135,172,3268.0,S 30C
57,30C,S,2,5,24,CBS1553,30C_2_2S_5,60,919.525233645,1748.26105919,897,1728,943,1770,5,834,995,10,1688,1853,"(5, 10)",70,1605.0,147.39696962,0.928341555167,141.722769031,7.0,7.69309597678,0.449869870114,11.3249269046,0.830745341615,1932.0,47.8800758497,42.7614140131,1.07718974168,-0.0500190957945,172,3251.6666666666665,S 30C
58,30C,S,2,11,24,CBS1553,30C_2_2S_11,63,918.778882576,1769.2750947,891,1747,948,1793,5,834,992,10,1705,1868,"(5, 10)",70,2112.0,173.296464556,0.883739714949,164.503060717,7.61577310586,8.58780473537,0.595948871941,12.8386668965,0.805491990847,2622.0,57.9342433767,46.5224939729,1.1315548946,-0.0672225473386,172,3029.0,S 30C
59,30C,S,2,12,24,CBS1553,30C_2_2S_12,61,955.210116732,1728.83657588,930,1707,980,1751,5,870,1030,10,1667,1829,"(5, 10)",70,1799.0,157.053823869,0.916524328857,150.479524987,7.07106781187,8.1073129187,0.470454502691,11.9551148248,0.817727272727,2200.0,51.0084237622,45.0110701951,1.09107851097,-0.0351528993996,172,2955.6666666666665,S 30C
60,30C,S,2,9,36,CBS1553,30C_3_2S_9,61,929.592492085,1729.59023066,902,1706,958,1755,5,844,1006,10,1668,1830,"(5, 10)",70,2211.0,173.781745931,0.920005226049,166.696080984,8.0,8.95665792812,0.508135216051,13.2636591512,0.805758017493,2744.0,57.1944697202,49.2602989441,1.08695034733,0.071767657987,172,3020.6666666666665,S 30C
61,30C,S,2,8,36,CBS1553,30C_3_2S_8,63,953.776339023,1740.29075927,931,1719,978,1762,5,868,1028,10,1678,1840,"(5, 10)",70,1699.0,153.39696962,0.907339217523,146.42030354,7.0,7.88547226843,0.398094815008,11.6035820096,0.840672934191,2021.0,48.6419901804,44.6214512004,1.10212363875,-0.149320299399,172,3196.6666666666665,S 30C
62,30C,S,2,6,36,CBS1553,30C_3_2S_6,68,985.608843537,1708.38581147,959,1686,1013,1732,5,879,1037,10,1652,1816,"(5, 10)",70,2058.0,167.296464556,0.924020716205,160.827343568,7.61577310586,8.67118098846,0.52649149968,12.7963314841,0.828502415459,2484.0,55.5422111499,47.2208989076,1.08222681858,-0.0400045658156,172,3203.3333333333335,S 30C
63,30C,S,2,11,36,CBS1553,30C_3_2S_11,60,933.625,1754.02326642,906,1730,962,1779,5,847,1006,10,1688,1854,"(5, 10)",70,2192.0,175.195959493,0.89743342744,166.265387262,8.0,8.91052481662,0.491227669048,13.1837421853,0.798833819242,2744.0,56.6433116995,49.3380926001,1.11428878112,-0.115797440766,172,3029.0,S 30C
64,30C,S,2,10,36,CBS1553,30C_3_2S_10,64,942.665279704,1737.42949607,916,1713,970,1763,5,860,1018,10,1677,1842,"(5, 10)",70,2163.0,171.781745931,0.921111826834,164.400903117,8.0,8.89638997216,0.437768804395,13.1568620305,0.801111111111,2700.0,55.3667603348,49.7795664814,1.08564451228,-0.0892305572685,172,2936.3333333333335,S 30C
65,30C,S,2,7,36,CBS1553,30C_3_2S_7,63,982.375599361,1739.69792222,957,1718,1008,1762,5,896,1057,10,1677,1840,"(5, 10)",70,1877.0,159.639610307,0.925534940431,153.899949259,7.21110255093,8.24581656001,0.534490129434,12.1962353402,0.836452762923,2244.0,53.2351763529,44.9930250859,1.08045623813,-0.0985551709303,172,3268.0,S 30C
66,30C,S,2,5,36,CBS1553,30C_3_2S_5,62,943.417386298,1756.3517559,920,1735,968,1779,5,858,1018,10,1694,1858,"(5, 10)",70,1737.0,153.639610307,0.924705175994,147.235848318,7.07106781187,8.01427097474,0.406501719572,11.7973986623,0.822443181818,2112.0,49.241182563,44.9892072433,1.08142576246,-0.126693227687,172,3251.6666666666665,S 30C
67,30C,S,2,12,36,CBS1553,30C_3_2S_12,66,938.029099049,1766.18522664,914,1745,963,1789,5,851,1012,10,1702,1864,"(5, 10)",70,1787.0,156.225396744,0.920091765655,149.760896665,7.07106781187,8.08965719302,0.455536305395,11.9323537706,0.828849721707,2156.0,50.612649679,45.0562516028,1.08684811377,0.0106352267683,172,2955.6666666666665,S 30C
68,30C,S,2,9,48,CBS1553,30C_4_2S_9,61,908.773964002,1701.29468397,880,1676,938,1727,5,822,982,10,1643,1804,"(5, 10)",70,2389.0,181.43860018,0.911940787858,173.165261205,8.0622577483,9.33724676267,0.474812101081,13.7960696238,0.807640297498,2958.0,58.8108706572,51.7586941208,1.09656242304,-0.0854457544583,172,3020.6666666666665,S 30C
69,30C,S,2,8,48,CBS1553,30C_4_2S_8,64,980.951871658,1726.22245989,957,1704,1006,1749,5,895,1055,10,1664,1826,"(5, 10)",70,1870.0,160.225396744,0.915353316216,153.536787458,7.21110255093,8.28225978626,0.413307462387,12.1794915144,0.848072562358,2205.0,51.2071451883,46.6287928815,1.09247432908,-0.282094461515,172,3196.6666666666665,S 30C
70,30C,S,2,16,48,CBS1553,30C_4_2S_16,57,921.890183774,1763.22142537,893,1738,951,1788,5,875,1037,10,1667,1827,"(5, 10)",70,2231.0,176.267027305,0.902333899767,167.725950088,8.0,8.95884228538,0.512528268709,13.3014599043,0.769310344828,2900.0,57.5811439076,49.4432211201,1.10823720605,-0.192242924029,172,2939.0,S 30C
71,30C,S,2,15,48,CBS1553,30C_4_2S_15,58,920.482167043,1852.35981941,893,1828,949,1877,5,874,1034,10,1756,1919,"(5, 10)",70,2215.0,174.367532368,0.915487358183,166.521526135,8.0,8.98627445282,0.468845826472,13.3015835935,0.80721574344,2744.0,56.5309407917,49.9326504257,1.09231437339,-0.00477426987599,172,2990.0,S 30C
72,30C,S,2,14,48,CBS1553,30C_4_2S_14,57,906.0552,1779.0844,878,1753,935,1807,5,856,1014,10,1693,1855,"(5, 10)",70,2500.0,186.610173055,0.90215101369,177.106816055,8.48528137424,9.53470754777,0.401465541051,14.1157751897,0.812215724496,3078.0,58.9884051888,54.0259541969,1.10846187038,0.267630251462,172,3125.0,S 30C
73,30C,S,2,10,48,CBS1553,30C_4_2S_10,63,938.485122898,1759.24622682,911,1734,967,1786,5,855,1012,10,1698,1862,"(5, 10)",70,2319.0,178.852813742,0.91100143023,170.271950568,8.0622577483,9.20629009925,0.398051011139,13.6193894077,0.79635989011,2912.0,56.7521754263,52.0623619521,1.0976931175,-0.0167815424863,172,2936.3333333333335,S 30C
74,30C,S,2,6,48,CBS1553,30C_4_2S_6,61,966.293149466,1743.56939502,938,1719,995,1769,5,884,1042,10,1676,1838,"(5, 10)",70,2248.0,176.610173055,0.905679919426,168.220581868,8.0,8.98184312254,0.513924468006,13.3634063979,0.788771929825,2850.0,57.7961317341,49.5795700649,1.1041428418,0.196887087242,172,3203.3333333333335,S 30C
75,30C,S,2,7,48,CBS1553,30C_4_2S_7,64,1034.61864004,1708.87922016,1008,1686,1062,1733,5,948,1109,10,1646,1810,"(5, 10)",70,2103.0,171.539105243,0.898096193794,163.202667605,7.61577310586,8.65662012105,0.511193153387,12.8858187851,0.828605200946,2538.0,55.8886883959,48.0344194877,1.11346647153,-0.125197743436,172,3268.0,S 30C
76,30C,S,2,11,48,CBS1553,30C_4_2S_11,61,957.54122807,1761.97631579,930,1737,986,1788,5,870,1028,10,1695,1859,"(5, 10)",70,2280.0,177.781745931,0.906505361693,169.263900961,8.0,9.08851107103,0.447179702008,13.47009012,0.798319327731,2856.0,57.0175173002,50.9989840522,1.10313743554,-0.0352385292442,172,3029.0,S 30C
77,30C,S,2,13,48,CBS1553,30C_4_2S_13,59,989.10991476,1803.1359354,963,1778,1017,1829,5,908,1084,10,1705,1867,"(5, 10)",70,2229.0,174.953318806,0.915114763519,167.057572976,8.0,9.05235588978,0.385212219448,13.3427055134,0.809368191721,2754.0,55.4823699368,51.2006853379,1.09275911598,0.0102417720941,172,3059.0,S 30C
78,30C,S,2,5,48,CBS1553,30C_4_2S_5,65,935.752338749,1754.46233383,910,1731,962,1779,5,848,1008,10,1693,1857,"(5, 10)",70,2031.0,166.710678119,0.918317691863,159.355322164,7.61577310586,8.61795102749,0.39624817827,12.745103034,0.813701923077,2496.0,53.1094119315,48.7620583061,1.08894776705,-0.105271986122,172,3251.6666666666665,S 30C
79,30C,S,2,12,48,CBS1553,30C_4_2S_12,69,967.189795918,1751.17142857,942,1729,993,1775,5,879,1039,10,1688,1849,"(5, 10)",70,1960.0,165.053823869,0.904096431057,157.006213094,7.28010988928,8.42213907075,0.424902706702,12.4835824098,0.835464620631,2346.0,52.5677672123,47.5863942638,1.10607670338,0.0356055884855,172,2955.6666666666665,S 30C
80,30C,S,2,9,60,CBS1553,30C_5_2S_9,61,903.189812973,1719.67568643,874,1694,933,1746,5,817,978,10,1662,1823,"(5, 10)",70,2513.0,184.610173055,0.926597435294,177.306778796,8.54400374532,9.60720539653,0.46676119535,14.1731749743,0.819100391134,3068.0,60.1656017217,53.2094590164,1.0792173191,-0.000462609513512,172,3020.6666666666665,S 30C
81,30C,S,2,10,60,CBS1553,30C_5_2S_10,64,933.330020704,1701.34699793,906,1675,962,1728,5,850,1007,10,1640,1804,"(5, 10)",70,2415.0,181.781745931,0.918388545708,173.67713171,8.24621125124,9.42203579546,0.352500682893,13.9051121827,0.813679245283,2968.0,57.3498503519,53.6686527009,1.08886375453,-0.144340903917,172,2936.3333333333335,S 30C
82,30C,S,2,11,60,CBS1553,30C_5_2S_11,61,929.726588629,1737.57399666,901,1712,959,1764,5,842,1000,10,1672,1836,"(5, 10)",70,2392.0,182.024386618,0.907218477165,173.307758034,8.0622577483,9.30981790114,0.456791233025,13.8020364878,0.793103448276,3016.0,58.5481206171,52.0828815045,1.10227031875,-0.192088329262,172,3029.0,S 30C
83,30C,S,2,6,60,CBS1553,30C_5_2S_6,62,923.176446281,1759.68099174,895,1735,952,1786,5,841,998,10,1696,1860,"(5, 10)",70,2420.0,181.781745931,0.920289971268,174.439507096,8.24621125124,9.39162056711,0.464963760177,13.8730041164,0.832473340213,2907.0,59.030330685,52.2613057571,1.08661403603,0.174822284294,172,3203.3333333333335,S 30C
84,30C,S,2,7,60,CBS1553,30C_5_2S_7,62,1006.56463158,1707.51747368,978,1683,1036,1733,5,920,1080,10,1646,1810,"(5, 10)",70,2375.0,180.367532368,0.917395806545,173.018897139,8.0622577483,9.2777085338,0.494108568895,13.7268242907,0.818965517241,2900.0,59.0283619987,51.3192702156,1.09004204387,-0.137956199917,172,3268.0,S 30C
85,30C,S,2,5,60,CBS1553,30C_5_2S_5,63,958.168045276,1755.4762734,931,1731,986,1781,5,871,1031,10,1696,1860,"(5, 10)",70,2297.0,176.124891681,0.930527861583,169.548561779,8.0622577483,9.19165332172,0.40689045862,13.5477409888,0.835272727273,2750.0,56.6281271297,51.7284893662,1.07465884826,-0.107115020536,172,3251.6666666666665,S 30C
86,30C,S,2,5,72,CBS1553,30C_6_2S_5,63,915.246309574,1717.65626318,888,1692,943,1744,5,828,988,10,1659,1823,"(5, 10)",70,2371.0,179.539105243,0.924322032178,172.259389664,8.0622577483,9.3320342386,0.387895178596,13.764126325,0.829020979021,2860.0,57.2787420491,52.7940166653,1.08187402787,-0.123352621778,172,3251.6666666666665,S 30C
87,30C,S,2,6,72,CBS1553,30C_6_2S_6,61,953.622521808,1734.13441713,925,1708,983,1761,5,872,1029,10,1671,1835,"(5, 10)",70,2522.0,185.195959493,0.924042468822,177.815961404,8.48528137424,9.59707778008,0.450039099279,14.1832036904,0.820429407938,3074.0,59.9998431548,53.5803910347,1.08220134219,0.188000201938,172,3203.3333333333335,S 30C
88,30C,S,2,7,72,CBS1553,30C_6_2S_7,60,1000.31514658,1755.7031759,971,1731,1029,1782,5,914,1074,10,1694,1858,"(5, 10)",70,2456.0,183.539105243,0.916180420097,176.134119099,8.24621125124,9.42504634219,0.480995819343,13.9439196254,0.830290736984,2958.0,59.7927121516,52.4216392595,1.09148807163,-0.141134355983,172,3268.0,S 30C
89,30C,S,2,11,72,CBS1553,30C_6_2S_11,62,973.971393543,1776.28156927,945,1751,1003,1803,5,887,1045,10,1709,1872,"(5, 10)",70,2447.0,184.610173055,0.902261808262,175.212919857,8.24621125124,9.41122106965,0.442821896845,13.9658650857,0.811339522546,3016.0,58.9812677037,52.8831706085,1.10832575517,0.0541344991567,172,3029.0,S 30C
90,30C,S,2,10,72,CBS1553,30C_6_2S_10,64,947.206938282,1772.37999193,919,1746,976,1800,5,865,1023,10,1711,1874,"(5, 10)",70,2479.0,184.610173055,0.914060900156,176.037212553,8.48528137424,9.5319199251,0.387205200635,14.0822497928,0.805393112411,3078.0,58.5368471392,53.9705963364,1.09401900883,0.0812400725398,172,2936.3333333333335,S 30C
91,30C,S,2,9,72,CBS1553,30C_6_2S_9,61,931.504099961,1734.05037095,902,1708,962,1761,5,846,1006,10,1675,1837,"(5, 10)",70,2561.0,186.852813742,0.921764882456,178.929840351,8.54400374532,9.67351392007,0.450106042369,14.3128725481,0.80534591195,3180.0,60.4465318336,53.9772485332,1.08487535057,-0.00541033333786,172,3020.6666666666665,S 30C
92,30C,S,2,9,24,CBS1554,30C_2_2S_9,60,913.050952136,1919.15851776,888,1897,939,1943,5,828,988,11,1833,1995,"(5, 11)",71,1943.0,162.468037432,0.925010784109,156.120453836,7.61577310586,8.44578270003,0.42286398913,12.4455185227,0.828218243819,2346.0,52.316321429,47.4086927354,1.08106847745,-0.0699312012249,173,3020.6666666666665,S 30C
93,30C,S,2,8,24,CBS1554,30C_2_2S_8,65,968.822931785,1917.01233672,948,1897,990,1937,5,881,1042,11,1828,1991,"(5, 11)",71,1378.0,137.154328933,0.920534442167,131.555630257,6.32455532034,7.12734063524,0.338856487217,10.4746562143,0.820238095238,1680.0,43.2681921567,40.7083625646,1.08632545855,-0.43096739449,173,3196.6666666666665,S 30C
94,30C,S,2,6,24,CBS1554,30C_2_2S_6,60,940.730307773,1942.37037037,914,1921,968,1965,5,859,1018,11,1855,2020,"(5, 11)",71,1917.0,164.468037432,0.890571836211,156.905189391,7.21110255093,8.20424390924,0.619117168094,12.2175691412,0.806818181818,2376.0,55.8367228543,43.848501744,1.1228740449,0.136275463678,173,3203.3333333333335,S 30C
95,30C,S,2,7,24,CBS1554,30C_2_2S_7,60,968.089340727,1967.61860752,944,1948,992,1988,5,883,1045,11,1880,2045,"(5, 11)",71,1623.0,149.74011537,0.909603362329,144.050177428,7.0,7.592091163,0.580121305023,11.2669073304,0.8453125,1920.0,50.4817509273,41.1189052483,1.09938028092,-0.0179434990206,173,3268.0,S 30C
96,30C,S,2,5,24,CBS1554,30C_2_2S_5,58,920.059626074,1939.73016675,895,1917,946,1964,5,834,995,11,1853,2018,"(5, 11)",71,1979.0,163.296464556,0.932614350661,157.150412667,7.61577310586,8.56564304483,0.413108569135,12.593030883,0.825615352524,2397.0,52.6264329181,47.9259337691,1.07225457049,0.0263863253367,173,3251.6666666666665,S 30C
97,30C,S,2,12,24,CBS1554,30C_2_2S_12,65,954.58944815,1916.24681625,931,1896,979,1938,5,870,1030,11,1829,1990,"(5, 11)",71,1649.0,150.811183182,0.911094500689,144.217392761,7.0,7.74301071139,0.453980000661,11.4341271079,0.817956349206,2016.0,48.6241940028,43.3247342035,1.09758098556,-0.0147154175622,173,2955.6666666666665,S 30C
98,30C,S,2,9,36,CBS1554,30C_3_2S_9,62,929.593894542,1918.93524514,902,1896,957,1944,5,844,1006,11,1830,1992,"(5, 11)",71,2162.0,172.710678119,0.910808709639,165.249803171,8.0,8.85504915077,0.435966426757,13.0832228451,0.818939393939,2640.0,55.3985387167,49.8566312017,1.0979253815,-0.021052238091,173,3020.6666666666665,S 30C
99,30C,S,2,8,36,CBS1554,30C_3_2S_8,64,953.228059333,1927.98269468,931,1906,976,1950,5,868,1028,11,1840,2002,"(5, 11)",71,1618.0,150.468037432,0.898048658317,142.59484571,7.0,7.70674912482,0.306606561262,11.3468336948,0.817171717172,1980.0,46.5814212367,44.337889464,1.1135254095,-0.207935085245,173,3196.6666666666665,S 30C
100,30C,S,2,6,36,CBS1554,30C_3_2S_6,69,991.015052684,1899.40943302,965,1877,1018,1923,5,879,1037,11,1816,1980,"(5, 11)",71,1993.0,166.124891681,0.90750231415,158.673533808,7.61577310586,8.44257915395,0.535345639975,12.5603807527,0.817473338802,2438.0,54.8722260316,46.3468974722,1.10192556471,0.0181242462665,173,3203.3333333333335,S 30C
101,30C,S,2,11,36,CBS1554,30C_3_2S_11,61,933.614835949,1946.71611983,906,1924,961,1970,5,847,1006,11,1854,2019,"(5, 11)",71,2103.0,171.539105243,0.898096193794,163.503677704,7.61577310586,8.64741437319,0.536631459946,12.8620960062,0.831225296443,2530.0,56.4127468656,47.6020196696,1.11346647153,-0.0671555301016,173,3029.0,S 30C
102,30C,S,2,10,36,CBS1554,30C_3_2S_10,61,942.513490364,1929.96231263,915,1905,971,1956,5,860,1018,11,1842,2007,"(5, 11)",71,2335.0,177.781745931,0.928372815593,170.652302923,8.0622577483,9.28663788798,0.404741448689,13.6827922038,0.817577030812,2856.0,57.03984002,52.1590074916,1.07715347025,-0.0565708924922,173,2936.3333333333335,S 30C
103,30C,S,2,7,36,CBS1554,30C_3_2S_7,64,980.976095618,1930.8992601,957,1910,1006,1952,5,896,1057,11,1840,2004,"(5, 11)",71,1757.0,155.154328933,0.91717842675,149.434819813,7.0,7.94543657302,0.524566167967,11.7576345473,0.853741496599,2058.0,51.3783216599,43.7419453731,1.09030039394,-0.0351600731052,173,3268.0,S 30C
104,30C,S,2,5,36,CBS1554,30C_3_2S_5,59,942.337332054,1947.05086372,917,1923,969,1972,5,858,1018,11,1858,2022,"(5, 11)",71,2084.0,167.539105243,0.932986146606,161.060524993,7.81024967591,8.79409783,0.342417994861,12.9392351111,0.817896389325,2548.0,53.1621158927,49.9483447389,1.07182727593,0.0347405174877,173,3251.6666666666665,S 30C
105,30C,S,2,12,36,CBS1554,30C_3_2S_12,67,937.492245836,1953.59735784,914,1932,962,1976,5,851,1012,11,1864,2026,"(5, 11)",71,1741.0,154.811183182,0.912859575401,147.887885443,7.0,7.97293973963,0.416821421297,11.7724314929,0.824337121212,2112.0,49.4577136385,44.9564877543,1.09545873971,-0.216267278898,173,2955.6666666666665,S 30C
106,30C,S,2,9,48,CBS1554,30C_4_2S_9,62,908.423499577,1889.5295858,880,1865,936,1916,5,822,982,11,1804,1966,"(5, 11)",71,2366.0,179.539105243,0.922372808154,172.28417444,8.0622577483,9.29943758693,0.409068842888,13.7331244015,0.828431372549,2856.0,57.5301799008,52.4964919105,1.08416032125,-0.129195518541,173,3020.6666666666665,S 30C
107,30C,S,2,16,48,CBS1554,30C_4_2S_16,58,920.377981651,1914.47981651,893,1890,949,1939,5,875,1037,11,1827,1987,"(5, 11)",71,2180.0,174.024386618,0.904578235543,165.64156945,8.0,8.86597216889,0.512388715005,13.160947504,0.794460641399,2744.0,56.8925639707,48.8566960849,1.10548757499,-0.194212108322,173,2939.0,S 30C
108,30C,S,2,15,48,CBS1554,30C_4_2S_15,57,919.337004405,2007.37092511,892,1983,948,2032,5,874,1034,11,1919,2081,"(5, 11)",71,2270.0,174.953318806,0.931947291694,168.695817923,8.0,9.11605248465,0.494358971382,13.4561723459,0.827259475219,2744.0,57.6964206409,50.1530664803,1.07302205705,-0.0241361300534,173,2990.0,S 30C
109,30C,S,2,6,48,CBS1554,30C_4_2S_6,64,965.964448496,1934.81221513,939,1911,994,1960,5,884,1042,11,1838,2000,"(5, 11)",71,2194.0,174.124891681,0.909336803759,166.569726603,8.0,8.87093904131,0.495394905791,13.17166117,0.814100185529,2695.0,56.7930178385,49.334270456,1.09970254791,0.166634371597,173,3203.3333333333335,S 30C
110,30C,S,2,11,48,CBS1554,30C_4_2S_11,63,957.858468677,1953.42366589,931,1929,985,1979,5,870,1028,11,1859,2023,"(5, 11)",71,2155.0,172.367532368,0.911478040447,164.492098911,8.0,8.85189214332,0.44463235885,13.1009332015,0.798148148148,2700.0,55.3889538063,49.6126148574,1.09711913576,0.0387849745937,173,3029.0,S 30C
111,30C,S,2,13,48,CBS1554,30C_4_2S_13,57,987.619775281,1957.06831461,961,1932,1015,1983,5,908,1084,11,1867,2029,"(5, 11)",71,2225.0,174.367532368,0.919620483953,166.662658391,8.0,9.0462793198,0.341178570138,13.3503210706,0.807915758896,2754.0,54.9183899828,51.623204302,1.08740509531,-0.0722320172476,173,3059.0,S 30C
112,30C,S,2,5,48,CBS1554,30C_4_2S_5,62,935.581645842,1945.32399828,908,1920,963,1972,5,848,1008,11,1857,2021,"(5, 11)",71,2321.0,176.610173055,0.935090343856,170.109911671,8.0622577483,9.29971590367,0.312695510605,13.6441197176,0.811538461538,2860.0,55.795459095,52.9975075879,1.06941538491,-0.0617420196708,173,3251.6666666666665,S 30C
113,30C,S,2,9,60,CBS1554,30C_5_2S_9,59,902.575956707,1908.23888674,873,1882,932,1936,5,817,978,11,1823,1985,"(5, 11)",71,2587.0,188.024386618,0.919555468814,180.081945993,8.54400374532,9.71972918916,0.375339065397,14.3656821662,0.811989956058,3186.0,59.6859837851,55.3221970715,1.08748197788,-0.137313413092,173,3020.6666666666665,S 30C
114,30C,S,2,8,60,CBS1554,30C_5_2S_8,65,1008.39615737,1915.16925892,983,1891,1035,1941,5,922,1082,11,1828,1989,"(5, 11)",71,2186.0,172.124891681,0.927198374781,165.613375903,8.0,8.97341017608,0.319228086109,13.1994169437,0.840769230769,2600.0,54.2457594929,51.4075082098,1.07851785249,-0.0909720519581,173,3196.6666666666665,S 30C
115,30C,S,2,10,60,CBS1554,30C_5_2S_10,61,933.503638453,1892.70585982,905,1865,963,1921,5,850,1007,11,1804,1968,"(5, 11)",71,2611.0,188.267027305,0.925695612579,180.300779395,8.54400374532,9.82512432234,0.284795969267,14.4813572562,0.803879310345,3248.0,58.9107243575,56.4711227246,1.08026870432,-0.0850113513362,173,2936.3333333333335,S 30C
116,30C,S,2,11,60,CBS1554,30C_5_2S_11,64,930.596137699,1928.94542401,903,1904,959,1955,5,842,1000,11,1836,2000,"(5, 11)",71,2382.0,180.124891681,0.922580255476,172.907217922,8.0622577483,9.32875498626,0.441429112208,13.776174463,0.834033613445,2856.0,58.1868470543,52.2108324836,1.08391654175,-0.166755163588,173,3029.0,S 30C
117,30C,S,2,12,60,CBS1554,30C_5_2S_12,64,968.007961079,1864.95400265,941,1840,996,1891,5,881,1041,11,1772,1932,"(5, 11)",71,2261.0,176.953318806,0.907387937596,168.42464356,8.0,9.05699790436,0.385652884783,13.4244012765,0.806060606061,2805.0,55.9199034803,51.5941604484,1.1020644628,-0.0467220789672,173,2955.6666666666665,S 30C
118,30C,S,2,6,60,CBS1554,30C_5_2S_6,61,922.845081967,1951.07459016,894,1926,952,1978,5,841,998,11,1860,2024,"(5, 11)",71,2440.0,184.610173055,0.899680756911,175.42668472,8.24621125124,9.3499274681,0.457396589627,13.9089443769,0.809018567639,3016.0,59.1773392468,52.624207471,1.11150537823,0.150422412593,173,3203.3333333333335,S 30C
119,30C,S,2,7,60,CBS1554,30C_5_2S_7,63,1005.7677231,1898.88698916,978,1874,1034,1925,5,920,1080,11,1810,1974,"(5, 11)",71,2398.0,181.296464556,0.916812176533,174.309746741,8.0622577483,9.26701827817,0.429377882915,13.7571194086,0.839635854342,2856.0,58.2557343391,52.6122058189,1.09073594963,0.0287982204387,173,3268.0,S 30C
120,30C,S,2,5,60,CBS1554,30C_5_2S_5,60,957.57918552,1945.62217195,929,1918,987,1974,5,871,1031,11,1860,2024,"(5, 11)",71,2652.0,189.43860018,0.928637959009,181.745798197,8.94427191,9.90356877655,0.3001178961,14.5918091439,0.816502463054,3248.0,59.5123184697,56.7689265641,1.07684592289,-0.0350860584233,173,3251.6666666666665,S 30C
121,30C,S,2,5,72,CBS1554,30C_6_2S_5,59,914.333575054,1907.91189268,885,1880,945,1937,5,828,988,11,1823,1987,"(5, 11)",71,2758.0,193.681240867,0.923908596771,185.534294348,8.94427191,10.0926869167,0.314429350676,14.865176326,0.806432748538,3420.0,60.8416472464,57.7558122561,1.08235815046,-0.331866203629,173,3251.6666666666665,S 30C
122,30C,S,2,6,72,CBS1554,30C_6_2S_6,62,953.381026439,1925.64618974,925,1899,983,1953,5,872,1029,11,1835,1999,"(5, 11)",71,2572.0,189.195959493,0.90293630156,180.010932454,8.54400374532,9.65016231354,0.43887191037,14.2880210937,0.821200510856,3132.0,60.4168901956,54.287574624,1.10749783597,0.183306217593,173,3203.3333333333335,S 30C
123,30C,S,2,7,72,CBS1554,30C_6_2S_7,61,999.313050134,1947.3053961,971,1921,1029,1974,5,914,1074,11,1858,2022,"(5, 11)",71,2613.0,189.296464556,0.916356084987,182.119171337,8.54400374532,9.69750079979,0.423931798634,14.3477481301,0.850032530904,3074.0,60.7326957004,55.0052450894,1.09127883405,-0.159939439941,173,3268.0,S 30C
124,30C,S,2,11,72,CBS1554,30C_6_2S_11,63,973.962590507,1966.92679002,946,1941,1003,1994,5,887,1045,11,1872,2036,"(5, 11)",71,2486.0,183.781745931,0.924924412302,176.988675246,8.48528137424,9.52493788281,0.426374145658,14.0460964327,0.82290632241,3021.0,59.2150279634,53.5627697687,1.08116943039,-0.0780684595322,173,3029.0,S 30C
125,30C,S,2,10,72,CBS1554,30C_6_2S_10,60,946.88,1962.84330275,917,1935,977,1992,5,865,1023,11,1874,2038,"(5, 11)",71,2725.0,194.509667992,0.90509462442,184.602985909,8.94427191,9.97785242303,0.339931657316,14.7614080378,0.796783625731,3420.0,60.7634630473,57.1450074114,1.10485685476,0.0789333576308,173,2936.3333333333335,S 30C
126,30C,S,2,12,72,CBS1554,30C_6_2S_12,65,898.070659199,1904.36191297,871,1879,926,1930,5,810,970,11,1806,1965,"(5, 11)",71,2321.0,179.539105243,0.904829791938,170.790725113,8.0622577483,9.18951738097,0.350570834111,13.5897309322,0.827450980392,2805.0,56.2448488653,52.6753381177,1.10518023269,0.0216142765929,173,2955.6666666666665,S 30C
127,30C,S,2,9,72,CBS1554,30C_6_2S_9,59,930.611317945,1922.99255398,900,1896,960,1951,5,846,1006,11,1837,1999,"(5, 11)",71,2686.0,192.024386618,0.915383540911,183.754090893,8.94427191,9.87554560926,0.39049384743,14.6173616432,0.813939393939,3300.0,61.0274345024,56.1821941239,1.09243825709,-0.30370665342,173,3020.6666666666665,S 30C
128,30C,S,2,8,72,CBS1554,30C_6_2S_8,66,962.826241135,1921.65558511,937,1897,990,1948,5,876,1036,11,1834,1995,"(5, 11)",71,2256.0,175.539105243,0.920028325909,168.060703768,8.0,9.06424559978,0.294358770695,13.4237210092,0.834628190899,2703.0,54.8776924594,52.4463357521,1.08692305643,-0.116396905551,173,3196.6666666666665,S 30C
